Province_State,Country_Region,Lat,Long,Date,Population,Confirmed,Deaths,Combined_Key,ConfirmedNew,DeathsNew,ConfirmedNewMean,DeathsNewMean
,Canada,45.4,-75.666667,2020-01-22,37742154,0,0,Canada,0,0,0,0
,Canada,45.4,-75.666667,2020-01-23,37742154,0,0,Canada,0,0,0,0
,Canada,45.4,-75.666667,2020-01-24,37742154,0,0,Canada,0,0,0,0
,Canada,45.4,-75.666667,2020-01-25,37742154,0,0,Canada,0,0,0,0
,Canada,45.4,-75.666667,2020-01-26,37742154,1,0,Canada,1,0,0,0
,Canada,45.4,-75.666667,2020-01-27,37742154,1,0,Canada,0,0,0,0
,Canada,45.4,-75.666667,2020-01-28,37742154,2,0,Canada,1,0,0,0
,Canada,45.4,-75.666667,2020-01-29,37742154,2,0,Canada,0,0,0,0
,Canada,45.4,-75.666667,2020-01-30,37742154,2,0,Canada,0,0,0,0
,Canada,45.4,-75.666667,2020-01-31,37742154,4,0,Canada,2,0,0,0
,Canada,45.4,-75.666667,2020-02-01,37742154,4,0,Canada,0,0,0,0
,Canada,45.4,-75.666667,2020-02-02,37742154,4,0,Canada,0,0,0,0
,Canada,45.4,-75.666667,2020-02-03,37742154,4,0,Canada,0,0,0,0
,Canada,45.4,-75.666667,2020-02-04,37742154,4,0,Canada,0,0,0,0
,Canada,45.4,-75.666667,2020-02-05,37742154,5,0,Canada,1,0,0,0
,Canada,45.4,-75.666667,2020-02-06,37742154,5,0,Canada,0,0,0,0
,Canada,45.4,-75.666667,2020-02-07,37742154,7,0,Canada,2,0,0,0
,Canada,45.4,-75.666667,2020-02-08,37742154,7,0,Canada,0,0,0,0
,Canada,45.4,-75.666667,2020-02-09,37742154,7,0,Canada,0,0,0,0
,Canada,45.4,-75.666667,2020-02-10,37742154,7,0,Canada,0,0,0,0
,Canada,45.4,-75.666667,2020-02-11,37742154,7,0,Canada,0,0,0,0
,Canada,45.4,-75.666667,2020-02-12,37742154,7,0,Canada,0,0,0,0
,Canada,45.4,-75.666667,2020-02-13,37742154,7,0,Canada,0,0,0,0
,Canada,45.4,-75.666667,2020-02-14,37742154,7,0,Canada,0,0,0,0
,Canada,45.4,-75.666667,2020-02-15,37742154,7,0,Canada,0,0,0,0
,Canada,45.4,-75.666667,2020-02-16,37742154,7,0,Canada,0,0,0,0
,Canada,45.4,-75.666667,2020-02-17,37742154,8,0,Canada,1,0,0,0
,Canada,45.4,-75.666667,2020-02-18,37742154,8,0,Canada,0,0,0,0
,Canada,45.4,-75.666667,2020-02-19,37742154,8,0,Canada,0,0,0,0
,Canada,45.4,-75.666667,2020-02-20,37742154,8,0,Canada,0,0,0,0
,Canada,45.4,-75.666667,2020-02-21,37742154,9,0,Canada,1,0,0,0
,Canada,45.4,-75.666667,2020-02-22,37742154,9,0,Canada,0,0,0,0
,Canada,45.4,-75.666667,2020-02-23,37742154,9,0,Canada,0,0,0,0
,Canada,45.4,-75.666667,2020-02-24,37742154,10,0,Canada,1,0,0,0
,Canada,45.4,-75.666667,2020-02-25,37742154,12,0,Canada,2,0,0,0
,Canada,45.4,-75.666667,2020-02-26,37742154,12,0,Canada,0,0,0,0
,Canada,45.4,-75.666667,2020-02-27,37742154,14,0,Canada,2,0,0,0
,Canada,45.4,-75.666667,2020-02-28,37742154,15,0,Canada,1,0,0,0
,Canada,45.4,-75.666667,2020-02-29,37742154,21,0,Canada,6,0,1,0
,Canada,45.4,-75.666667,2020-03-01,37742154,26,0,Canada,5,0,2,0
,Canada,45.4,-75.666667,2020-03-02,37742154,32,0,Canada,6,0,3,0
,Canada,45.4,-75.666667,2020-03-03,37742154,37,0,Canada,5,0,3,0
,Canada,45.4,-75.666667,2020-03-04,37742154,42,0,Canada,5,0,4,0
,Canada,45.4,-75.666667,2020-03-05,37742154,46,0,Canada,4,0,4,0
,Canada,45.4,-75.666667,2020-03-06,37742154,60,0,Canada,14,0,6,0
,Canada,45.4,-75.666667,2020-03-07,37742154,64,0,Canada,4,0,6,0
,Canada,45.4,-75.666667,2020-03-08,37742154,74,0,Canada,10,0,6,0
,Canada,45.4,-75.666667,2020-03-09,37742154,88,1,Canada,14,1,8,0
,Canada,45.4,-75.666667,2020-03-10,37742154,92,1,Canada,4,0,7,0
,Canada,45.4,-75.666667,2020-03-11,37742154,127,1,Canada,35,0,12,0
,Canada,45.4,-75.666667,2020-03-12,37742154,141,1,Canada,14,0,13,0
,Canada,45.4,-75.666667,2020-03-13,37742154,213,1,Canada,72,0,21,0
,Canada,45.4,-75.666667,2020-03-14,37742154,236,1,Canada,23,0,24,0
,Canada,45.4,-75.666667,2020-03-15,37742154,296,1,Canada,60,0,31,0
,Canada,45.4,-75.666667,2020-03-16,37742154,450,4,Canada,154,3,51,0
,Canada,45.4,-75.666667,2020-03-17,37742154,532,6,Canada,82,2,62,0
,Canada,45.4,-75.666667,2020-03-18,37742154,732,11,Canada,200,5,86,1
,Canada,45.4,-75.666667,2020-03-19,37742154,921,11,Canada,189,0,111,1
,Canada,45.4,-75.666667,2020-03-20,37742154,1175,15,Canada,254,4,137,2
,Canada,45.4,-75.666667,2020-03-21,37742154,1653,19,Canada,478,4,202,2
,Canada,45.4,-75.666667,2020-03-22,37742154,2045,22,Canada,392,3,249,3
,Canada,45.4,-75.666667,2020-03-23,37742154,2600,29,Canada,555,7,307,3
,Canada,45.4,-75.666667,2020-03-24,37742154,3185,33,Canada,585,4,379,3
,Canada,45.4,-75.666667,2020-03-25,37742154,3683,42,Canada,498,9,421,4
,Canada,45.4,-75.666667,2020-03-26,37742154,4550,57,Canada,867,15,518,6
,Canada,45.4,-75.666667,2020-03-27,37742154,5249,66,Canada,699,9,582,7
,Canada,45.4,-75.666667,2020-03-28,37742154,6085,82,Canada,836,16,633,9
,Canada,45.4,-75.666667,2020-03-29,37742154,7015,96,Canada,930,14,710,10
,Canada,45.4,-75.666667,2020-03-30,37742154,8121,125,Canada,1106,29,788,13
,Canada,45.4,-75.666667,2020-03-31,37742154,9246,152,Canada,1125,27,865,17
,Canada,45.4,-75.666667,2020-04-01,37742154,10527,175,Canada,1281,23,977,19
,Canada,45.4,-75.666667,2020-04-02,37742154,12219,224,Canada,1692,49,1095,23
,Canada,45.4,-75.666667,2020-04-03,37742154,13559,277,Canada,1340,53,1187,30
,Canada,45.4,-75.666667,2020-04-04,37742154,14906,360,Canada,1347,83,1260,39
,Canada,45.4,-75.666667,2020-04-05,37742154,16475,435,Canada,1569,75,1351,48
,Canada,45.4,-75.666667,2020-04-06,37742154,17521,520,Canada,1046,85,1342,56
,Canada,45.4,-75.666667,2020-04-07,37742154,18858,581,Canada,1337,61,1373,61
,Canada,45.4,-75.666667,2020-04-08,37742154,20122,648,Canada,1264,67,1370,67
,Canada,45.4,-75.666667,2020-04-09,37742154,21502,771,Canada,1380,123,1326,78
,Canada,45.4,-75.666667,2020-04-10,37742154,22777,867,Canada,1275,96,1316,84
,Canada,45.4,-75.666667,2020-04-11,37742154,24084,986,Canada,1307,119,1311,89
,Canada,45.4,-75.666667,2020-04-12,37742154,25303,1095,Canada,1219,109,1261,94
,Canada,45.4,-75.666667,2020-04-13,37742154,26937,1225,Canada,1634,130,1345,100
,Canada,45.4,-75.666667,2020-04-14,37742154,28563,1361,Canada,1626,136,1386,111
,Canada,45.4,-75.666667,2020-04-15,37742154,30223,1515,Canada,1660,154,1443,123
,Canada,45.4,-75.666667,2020-04-16,37742154,32790,1718,Canada,2567,203,1612,135
,Canada,45.4,-75.666667,2020-04-17,37742154,34876,1844,Canada,2086,126,1728,139
,Canada,45.4,-75.666667,2020-04-18,37742154,36358,1987,Canada,1482,143,1753,143
,Canada,45.4,-75.666667,2020-04-19,37742154,38026,2145,Canada,1668,158,1817,150
,Canada,45.4,-75.666667,2020-04-20,37742154,39591,2291,Canada,1565,146,1807,152
,Canada,45.4,-75.666667,2020-04-21,37742154,41334,2484,Canada,1743,193,1824,160
,Canada,45.4,-75.666667,2020-04-22,37742154,43641,2679,Canada,2307,195,1916,166
,Canada,45.4,-75.666667,2020-04-23,37742154,45310,2850,Canada,1669,171,1788,161
,Canada,45.4,-75.666667,2020-04-24,37742154,47007,3030,Canada,1697,180,1733,169
,Canada,45.4,-75.666667,2020-04-25,37742154,48570,3217,Canada,1563,187,1744,175
,Canada,45.4,-75.666667,2020-04-26,37742154,50002,3374,Canada,1432,157,1710,175
,Canada,45.4,-75.666667,2020-04-27,37742154,51621,3559,Canada,1619,185,1718,181
,Canada,45.4,-75.666667,2020-04-28,37742154,53297,3756,Canada,1676,197,1709,181
,Canada,45.4,-75.666667,2020-04-29,37742154,55061,4000,Canada,1764,244,1631,188
,Canada,45.4,-75.666667,2020-04-30,37742154,56716,4179,Canada,1655,179,1629,189
,Canada,45.4,-75.666667,2020-05-01,37742154,58549,4381,Canada,1833,202,1648,193
,Canada,45.4,-75.666667,2020-05-02,37742154,60023,4529,Canada,1474,148,1636,187
,Canada,45.4,-75.666667,2020-05-03,37742154,61183,4669,Canada,1160,140,1597,185
,Canada,45.4,-75.666667,2020-05-04,37742154,62743,4911,Canada,1560,242,1588,193
,Canada,45.4,-75.666667,2020-05-05,37742154,64100,5081,Canada,1357,170,1543,189
,Canada,45.4,-75.666667,2020-05-06,37742154,65703,5240,Canada,1603,159,1520,177
,Canada,45.4,-75.666667,2020-05-07,37742154,67146,5387,Canada,1443,147,1490,172
,Canada,45.4,-75.666667,2020-05-08,37742154,68485,5540,Canada,1339,153,1419,165
,Canada,45.4,-75.666667,2020-05-09,37742154,69645,5704,Canada,1160,164,1374,167
,Canada,45.4,-75.666667,2020-05-10,37742154,70736,5822,Canada,1091,118,1364,164
,Canada,45.4,-75.666667,2020-05-11,37742154,71886,5956,Canada,1150,134,1306,149
,Canada,45.4,-75.666667,2020-05-12,37742154,73083,6107,Canada,1197,151,1283,146
,Canada,45.4,-75.666667,2020-05-13,37742154,74307,6210,Canada,1224,103,1229,138
,Canada,45.4,-75.666667,2020-05-14,37742154,75428,6331,Canada,1121,121,1183,134
,Canada,45.4,-75.666667,2020-05-15,37742154,76691,6452,Canada,1263,121,1172,130
,Canada,45.4,-75.666667,2020-05-16,37742154,77871,6571,Canada,1180,119,1175,123
,Canada,45.4,-75.666667,2020-05-17,37742154,78992,6661,Canada,1121,90,1179,119
,Canada,45.4,-75.666667,2020-05-18,37742154,80033,6753,Canada,1041,92,1163,113
,Canada,45.4,-75.666667,2020-05-19,37742154,81183,6828,Canada,1150,75,1157,103
,Canada,45.4,-75.666667,2020-05-20,37742154,82488,6950,Canada,1305,122,1168,105
,Canada,45.4,-75.666667,2020-05-21,37742154,83650,7046,Canada,1162,96,1174,102
,Canada,45.4,-75.666667,2020-05-22,37742154,84814,7144,Canada,1164,98,1160,98
,Canada,45.4,-75.666667,2020-05-23,37742154,85823,7238,Canada,1009,94,1136,95
,Canada,45.4,-75.666667,2020-05-24,37742154,86749,7326,Canada,926,88,1108,95
,Canada,45.4,-75.666667,2020-05-25,37742154,87697,7420,Canada,948,94,1094,95
,Canada,45.4,-75.666667,2020-05-26,37742154,88502,7512,Canada,805,92,1045,97
,Canada,45.4,-75.666667,2020-05-27,37742154,89380,7606,Canada,878,94,984,93
,Canada,45.4,-75.666667,2020-05-28,37742154,90219,7717,Canada,839,111,938,95
,Canada,45.4,-75.666667,2020-05-29,37742154,91054,7797,Canada,835,80,891,93
,Canada,45.4,-75.666667,2020-05-30,37742154,91805,7857,Canada,751,60,854,88
,Canada,45.4,-75.666667,2020-05-31,37742154,92488,7906,Canada,683,49,819,82
,Canada,45.4,-75.666667,2020-06-01,37742154,93330,7952,Canada,842,46,804,76
,Canada,45.4,-75.666667,2020-06-02,37742154,93991,8008,Canada,661,56,784,70
,Canada,45.4,-75.666667,2020-06-03,37742154,94658,8062,Canada,667,54,754,65
,Canada,45.4,-75.666667,2020-06-04,37742154,95283,8126,Canada,625,64,723,58
,Canada,45.4,-75.666667,2020-06-05,37742154,95949,8166,Canada,666,40,699,52
,Canada,45.4,-75.666667,2020-06-06,37742154,96497,8228,Canada,548,62,670,53
,Canada,45.4,-75.666667,2020-06-07,37742154,97164,8269,Canada,667,41,668,51
,Canada,45.4,-75.666667,2020-06-08,37742154,97685,8313,Canada,521,44,622,51
,Canada,45.4,-75.666667,2020-06-09,37742154,98174,8347,Canada,489,34,597,48
,Canada,45.4,-75.666667,2020-06-10,37742154,98669,8382,Canada,495,35,573,45
,Canada,45.4,-75.666667,2020-06-11,37742154,99118,8413,Canada,449,31,547,41
,Canada,45.4,-75.666667,2020-06-12,37742154,99548,8442,Canada,430,29,514,39
,Canada,45.4,-75.666667,2020-06-13,37742154,99959,8470,Canada,411,28,494,34
,Canada,45.4,-75.666667,2020-06-14,37742154,100286,8489,Canada,327,19,446,31
,Canada,45.4,-75.666667,2020-06-15,37742154,100655,8497,Canada,369,8,424,26
,Canada,45.4,-75.666667,2020-06-16,37742154,101021,8521,Canada,366,24,406,24
,Canada,45.4,-75.666667,2020-06-17,37742154,101429,8542,Canada,408,21,394,22
,Canada,45.4,-75.666667,2020-06-18,37742154,101830,8555,Canada,401,13,387,20
,Canada,45.4,-75.666667,2020-06-19,37742154,102233,8580,Canada,403,25,383,19
,Canada,45.4,-75.666667,2020-06-20,37742154,102652,8609,Canada,419,29,384,19
,Canada,45.4,-75.666667,2020-06-21,37742154,102957,8626,Canada,305,17,381,19
,Canada,45.4,-75.666667,2020-06-22,37742154,103313,8646,Canada,356,20,379,21
,Canada,45.4,-75.666667,2020-06-23,37742154,103707,8670,Canada,394,24,383,21
,Canada,45.4,-75.666667,2020-06-24,37742154,104063,8700,Canada,356,30,376,22
,Canada,45.4,-75.666667,2020-06-25,37742154,104387,8723,Canada,324,23,365,24
,Canada,45.4,-75.666667,2020-06-26,37742154,104638,8730,Canada,251,7,343,21
,Canada,45.4,-75.666667,2020-06-27,37742154,104975,8739,Canada,337,9,331,18
,Canada,45.4,-75.666667,2020-06-28,37742154,105348,8749,Canada,373,10,341,17
,Canada,45.4,-75.666667,2020-06-29,37742154,105732,8768,Canada,384,19,345,17
,Canada,45.4,-75.666667,2020-06-30,37742154,106029,8780,Canada,297,12,331,15
,Canada,45.4,-75.666667,2020-07-01,37742154,106227,8790,Canada,198,10,309,12
,Canada,45.4,-75.666667,2020-07-02,37742154,106583,8806,Canada,356,16,313,11
,Canada,45.4,-75.666667,2020-07-03,37742154,106903,8813,Canada,320,7,323,11
,Canada,45.4,-75.666667,2020-07-04,37742154,107116,8821,Canada,213,8,305,11
,Canada,45.4,-75.666667,2020-07-05,37742154,107303,8823,Canada,187,2,279,10
,Canada,45.4,-75.666667,2020-07-06,37742154,107718,8836,Canada,415,13,283,9
,Canada,45.4,-75.666667,2020-07-07,37742154,107973,8843,Canada,255,7,277,9
,Canada,45.4,-75.666667,2020-07-08,37742154,108302,8855,Canada,329,12,296,9
,Canada,45.4,-75.666667,2020-07-09,37742154,108617,8865,Canada,315,10,290,8
,Canada,45.4,-75.666667,2020-07-10,37742154,108957,8879,Canada,340,14,293,9
,Canada,45.4,-75.666667,2020-07-11,37742154,109133,8882,Canada,176,3,288,8
,Canada,45.4,-75.666667,2020-07-12,37742154,109292,8887,Canada,159,5,284,9
,Canada,45.4,-75.666667,2020-07-13,37742154,109965,8895,Canada,673,8,321,8
,Canada,45.4,-75.666667,2020-07-14,37742154,110352,8900,Canada,387,5,339,8
,Canada,45.4,-75.666667,2020-07-15,37742154,110713,8914,Canada,361,14,344,8
,Canada,45.4,-75.666667,2020-07-16,37742154,111160,8926,Canada,447,12,363,8
,Canada,45.4,-75.666667,2020-07-17,37742154,111630,8936,Canada,470,10,381,8
,Canada,45.4,-75.666667,2020-07-18,37742154,111976,8939,Canada,346,3,406,8
,Canada,45.4,-75.666667,2020-07-19,37742154,112231,8943,Canada,255,4,419,8
,Canada,45.4,-75.666667,2020-07-20,37742154,112982,8947,Canada,751,4,431,7
,Canada,45.4,-75.666667,2020-07-21,37742154,113487,8954,Canada,505,7,447,7
,Canada,45.4,-75.666667,2020-07-22,37742154,113836,8958,Canada,349,4,446,6
,Canada,45.4,-75.666667,2020-07-23,37742154,114494,8966,Canada,658,8,476,5
,Canada,45.4,-75.666667,2020-07-24,37742154,115208,8970,Canada,714,4,511,4
,Canada,45.4,-75.666667,2020-07-25,37742154,115554,8974,Canada,346,4,511,5
,Canada,45.4,-75.666667,2020-07-26,37742154,115851,8978,Canada,297,4,517,5
,Canada,45.4,-75.666667,2020-07-27,37742154,116477,8991,Canada,626,13,499,6
,Canada,45.4,-75.666667,2020-07-28,37742154,116838,9001,Canada,361,10,478,6
,Canada,45.4,-75.666667,2020-07-29,37742154,117325,9006,Canada,487,5,498,6
,Canada,45.4,-75.666667,2020-07-30,37742154,117740,9019,Canada,415,13,463,7
,Canada,45.4,-75.666667,2020-07-31,37742154,118297,9025,Canada,557,6,441,7
,Canada,45.4,-75.666667,2020-08-01,37742154,118523,9029,Canada,226,4,424,7
,Canada,45.4,-75.666667,2020-08-02,37742154,118719,9032,Canada,196,3,409,7
,Canada,45.4,-75.666667,2020-08-03,37742154,118945,9035,Canada,226,3,352,6
,Canada,45.4,-75.666667,2020-08-04,37742154,119658,9043,Canada,713,8,402,6
,Canada,45.4,-75.666667,2020-08-05,37742154,120002,9049,Canada,344,6,382,6
,Canada,45.4,-75.666667,2020-08-06,37742154,120315,9055,Canada,313,6,367,5
,Canada,45.4,-75.666667,2020-08-07,37742154,120851,9060,Canada,536,5,364,5
,Canada,45.4,-75.666667,2020-08-08,37742154,121084,9064,Canada,233,4,365,5
,Canada,45.4,-75.666667,2020-08-09,37742154,121296,9067,Canada,212,3,368,5
,Canada,45.4,-75.666667,2020-08-10,37742154,121926,9074,Canada,630,7,425,5
,Canada,45.4,-75.666667,2020-08-11,37742154,122271,9080,Canada,345,6,373,5
,Canada,45.4,-75.666667,2020-08-12,37742154,122580,9085,Canada,309,5,368,5
,Canada,45.4,-75.666667,2020-08-13,37742154,123051,9091,Canada,471,6,390,5
,Canada,45.4,-75.666667,2020-08-14,37742154,123464,9095,Canada,413,4,373,5
,Canada,45.4,-75.666667,2020-08-15,37742154,123670,9101,Canada,206,6,369,5
,Canada,45.4,-75.666667,2020-08-16,37742154,123826,9106,Canada,156,5,361,5
,Canada,45.4,-75.666667,2020-08-17,37742154,124035,9108,Canada,209,2,301,4
,Canada,45.4,-75.666667,2020-08-18,37742154,124936,9118,Canada,901,10,380,5
,Canada,45.4,-75.666667,2020-08-19,37742154,125269,9124,Canada,333,6,384,5
,Canada,45.4,-75.666667,2020-08-20,37742154,125505,9127,Canada,236,3,350,5
,Canada,45.4,-75.666667,2020-08-21,37742154,126212,9141,Canada,707,14,392,6
,Canada,45.4,-75.666667,2020-08-22,37742154,126421,9142,Canada,209,1,393,5
,Canada,45.4,-75.666667,2020-08-23,37742154,126680,9146,Canada,259,4,407,5
,Canada,45.4,-75.666667,2020-08-24,37742154,127433,9154,Canada,753,8,485,6
,Canada,45.4,-75.666667,2020-08-25,37742154,127778,9159,Canada,345,5,406,5
,Canada,45.4,-75.666667,2020-08-26,37742154,128239,9164,Canada,461,5,424,5
,Canada,45.4,-75.666667,2020-08-27,37742154,128706,9168,Canada,467,4,457,5
,Canada,45.4,-75.666667,2020-08-28,37742154,129253,9181,Canada,547,13,434,5
,Canada,45.4,-75.666667,2020-08-29,37742154,129582,9184,Canada,329,3,451,6
,Canada,45.4,-75.666667,2020-08-30,37742154,129829,9185,Canada,247,1,449,5
,Canada,45.4,-75.666667,2020-08-31,37742154,130849,9193,Canada,1020,8,488,5
,Canada,45.4,-75.666667,2020-09-01,37742154,131385,9197,Canada,536,4,515,5
,Canada,45.4,-75.666667,2020-09-02,37742154,131956,9199,Canada,571,2,531,5
,Canada,45.4,-75.666667,2020-09-03,37742154,132582,9205,Canada,626,6,553,5
,Canada,45.4,-75.666667,2020-09-04,37742154,133197,9206,Canada,615,1,563,3
,Canada,45.4,-75.666667,2020-09-05,37742154,133587,9207,Canada,390,1,572,3
,Canada,45.4,-75.666667,2020-09-06,37742154,133955,9209,Canada,368,2,589,3
,Canada,45.4,-75.666667,2020-09-07,37742154,134335,9212,Canada,380,3,498,2
,Canada,45.4,-75.666667,2020-09-08,37742154,135826,9219,Canada,1491,7,634,3
,Canada,45.4,-75.666667,2020-09-09,37742154,136276,9223,Canada,450,4,617,3
,Canada,45.4,-75.666667,2020-09-10,37742154,137169,9231,Canada,893,8,655,3
,Canada,45.4,-75.666667,2020-09-11,37742154,137976,9231,Canada,807,0,682,3
,Canada,45.4,-75.666667,2020-09-12,37742154,138515,9233,Canada,539,2,704,3
,Canada,45.4,-75.666667,2020-09-13,37742154,139028,9236,Canada,513,3,724,3
,Canada,45.4,-75.666667,2020-09-14,37742154,140487,9249,Canada,1459,13,878,5
,Canada,45.4,-75.666667,2020-09-15,37742154,141318,9257,Canada,831,8,784,5
,Canada,45.4,-75.666667,2020-09-16,37742154,142270,9262,Canada,952,5,856,5
,Canada,45.4,-75.666667,2020-09-17,37742154,143149,9267,Canada,879,5,854,5
,Canada,45.4,-75.666667,2020-09-18,37742154,144513,9279,Canada,1364,12,933,6
,Canada,45.4,-75.666667,2020-09-19,37742154,145137,9286,Canada,624,7,946,7
,Canada,45.4,-75.666667,2020-09-20,37742154,146321,9288,Canada,1184,2,1041,7
,Canada,45.4,-75.666667,2020-09-21,37742154,148046,9300,Canada,1725,12,1079,7
,Canada,45.4,-75.666667,2020-09-22,37742154,149351,9309,Canada,1305,9,1147,7
,Canada,45.4,-75.666667,2020-09-23,37742154,150652,9317,Canada,1301,8,1197,7
,Canada,45.4,-75.666667,2020-09-24,37742154,151944,9325,Canada,1292,8,1256,8
,Canada,45.4,-75.666667,2020-09-25,37742154,153680,9332,Canada,1736,7,1309,7
,Canada,45.4,-75.666667,2020-09-26,37742154,154948,9338,Canada,1268,6,1401,7
,Canada,45.4,-75.666667,2020-09-27,37742154,156560,9343,Canada,1612,5,1462,7
,Canada,45.4,-75.666667,2020-09-28,37742154,158510,9360,Canada,1950,17,1494,8
,Canada,45.4,-75.666667,2020-09-29,37742154,160441,9373,Canada,1931,13,1584,9
,Canada,45.4,-75.666667,2020-09-30,37742154,162736,9391,Canada,2295,18,1726,10
,Canada,45.4,-75.666667,2020-10-01,37742154,164583,9407,Canada,1847,16,1805,11
,Canada,45.4,-75.666667,2020-10-02,37742154,166824,9505,Canada,2241,98,1877,24
,Canada,45.4,-75.666667,2020-10-03,37742154,168178,9526,Canada,1354,21,1890,26
,Canada,45.4,-75.666667,2020-10-04,37742154,170289,9570,Canada,2111,44,1961,32
,Canada,45.4,-75.666667,2020-10-05,37742154,172826,9599,Canada,2537,29,2045,34
,Canada,45.4,-75.666667,2020-10-06,37742154,174835,9617,Canada,2009,18,2056,34
,Canada,45.4,-75.666667,2020-10-07,37742154,176535,9636,Canada,1700,19,1971,35
,Canada,45.4,-75.666667,2020-10-08,37742154,178904,9654,Canada,2369,18,2045,35
,Canada,45.4,-75.666667,2020-10-09,37742154,181837,9668,Canada,2933,14,2144,23
,Canada,45.4,-75.666667,2020-10-10,37742154,183792,9694,Canada,1955,26,2230,24
,Canada,45.4,-75.666667,2020-10-11,37742154,185566,9708,Canada,1774,14,2182,19
,Canada,45.4,-75.666667,2020-10-12,37742154,186494,9720,Canada,928,12,1952,17
,Canada,45.4,-75.666667,2020-10-13,37742154,190739,9752,Canada,4245,32,2272,19
,Canada,45.4,-75.666667,2020-10-14,37742154,193208,9777,Canada,2469,25,2381,20
,Canada,45.4,-75.666667,2020-10-15,37742154,195684,9796,Canada,2476,19,2397,20
,Canada,45.4,-75.666667,2020-10-16,37742154,198329,9828,Canada,2645,32,2356,22
,Canada,45.4,-75.666667,2020-10-17,37742154,199523,9836,Canada,1194,8,2247,20
,Canada,45.4,-75.666667,2020-10-18,37742154,201861,9860,Canada,2338,24,2327,21
,Canada,45.4,-75.666667,2020-10-19,37742154,204976,9891,Canada,3115,31,2640,24
,Canada,45.4,-75.666667,2020-10-20,37742154,207465,9909,Canada,2489,18,2389,22
,Canada,45.4,-75.666667,2020-10-21,37742154,210061,9946,Canada,2596,37,2407,24
,Canada,45.4,-75.666667,2020-10-22,37742154,212541,9977,Canada,2480,31,2408,25
,Canada,45.4,-75.666667,2020-10-23,37742154,215574,10004,Canada,3033,27,2463,25
,Canada,45.4,-75.666667,2020-10-24,37742154,216935,10026,Canada,1361,22,2487,27
,Canada,45.4,-75.666667,2020-10-25,37742154,219704,10057,Canada,2769,31,2549,28
,Canada,45.4,-75.666667,2020-10-26,37742154,223984,10095,Canada,4280,38,2715,29
,Canada,45.4,-75.666667,2020-10-27,37742154,226721,10120,Canada,2737,25,2750,30
,Canada,45.4,-75.666667,2020-10-28,37742154,229446,10158,Canada,2725,38,2769,30
,Canada,45.4,-75.666667,2020-10-29,37742154,232497,10192,Canada,3051,34,2850,30
,Canada,45.4,-75.666667,2020-10-30,37742154,235898,10237,Canada,3401,45,2903,33
,Canada,45.4,-75.666667,2020-10-31,37742154,238191,10276,Canada,2293,39,3036,35
,Canada,45.4,-75.666667,2020-11-01,37742154,240586,10313,Canada,2395,37,2983,36
,Canada,45.4,-75.666667,2020-11-02,37742154,243974,10345,Canada,3388,32,2855,35
,Canada,45.4,-75.666667,2020-11-03,37742154,248905,10403,Canada,4931,58,3169,40
,Canada,45.4,-75.666667,2020-11-04,37742154,251822,10444,Canada,2917,41,3196,40
,Canada,45.4,-75.666667,2020-11-05,37742154,254739,10484,Canada,2917,40,3177,41
,Canada,45.4,-75.666667,2020-11-06,37742154,260195,10546,Canada,5456,62,3471,44
,Canada,45.4,-75.666667,2020-11-07,37742154,264545,10593,Canada,4350,47,3764,45
,Canada,45.4,-75.666667,2020-11-08,37742154,268395,10641,Canada,3850,48,3972,46
,Canada,45.4,-75.666667,2020-11-09,37742154,273304,10702,Canada,4909,61,4190,51
,Canada,45.4,-75.666667,2020-11-10,37742154,277892,10769,Canada,4588,67,4141,52
,Canada,45.4,-75.666667,2020-11-11,37742154,281888,10832,Canada,3996,63,4295,55
,Canada,45.4,-75.666667,2020-11-12,37742154,287329,10905,Canada,5441,73,4655,60
,Canada,45.4,-75.666667,2020-11-13,37742154,292173,10951,Canada,4844,46,4568,57
,Canada,45.4,-75.666667,2020-11-14,37742154,296394,11013,Canada,4221,62,4549,60
,Canada,45.4,-75.666667,2020-11-15,37742154,300597,11078,Canada,4203,65,4600,62
,Canada,45.4,-75.666667,2020-11-16,37742154,306437,11152,Canada,5840,74,4733,64
,Canada,45.4,-75.666667,2020-11-17,37742154,311043,11220,Canada,4606,68,4735,64
,Canada,45.4,-75.666667,2020-11-18,37742154,315586,11324,Canada,4543,104,4814,70
,Canada,45.4,-75.666667,2020-11-19,37742154,320481,11394,Canada,4895,70,4736,69
,Canada,45.4,-75.666667,2020-11-20,37742154,325356,11461,Canada,4875,67,4740,72
,Canada,45.4,-75.666667,2020-11-21,37742154,330240,11527,Canada,4884,66,4835,73
,Canada,45.4,-75.666667,2020-11-22,37742154,335038,11583,Canada,4798,56,4920,72
,Canada,45.4,-75.666667,2020-11-23,37742154,341746,11662,Canada,6708,79,5044,72
,Canada,45.4,-75.666667,2020-11-24,37742154,347135,11762,Canada,5389,100,5156,77
,Canada,45.4,-75.666667,2020-11-25,37742154,352376,11820,Canada,5241,58,5255,70
,Canada,45.4,-75.666667,2020-11-26,37742154,357926,11902,Canada,5550,82,5349,72
,Canada,45.4,-75.666667,2020-11-27,37742154,363884,11988,Canada,5958,86,5504,75
,Canada,45.4,-75.666667,2020-11-28,37742154,369510,12056,Canada,5626,68,5610,75
,Canada,45.4,-75.666667,2020-11-29,37742154,374880,12130,Canada,5370,74,5691,78
,Canada,45.4,-75.666667,2020-11-30,37742154,382708,12239,Canada,7828,109,5851,82
,Canada,45.4,-75.666667,2020-12-01,37742154,388543,12317,Canada,5835,78,5915,79
,Canada,45.4,-75.666667,2020-12-02,37742154,395028,12423,Canada,6485,106,6093,86
,Canada,45.4,-75.666667,2020-12-03,37742154,401325,12513,Canada,6297,90,6199,87
,Canada,45.4,-75.666667,2020-12-04,37742154,408165,12616,Canada,6840,103,6325,89
,Canada,45.4,-75.666667,2020-12-05,37742154,414131,12690,Canada,5966,74,6374,90
,Canada,45.4,-75.666667,2020-12-06,37742154,420281,12775,Canada,6150,85,6485,92
,Canada,45.4,-75.666667,2020-12-07,37742154,428054,12896,Canada,7773,121,6478,93
,Canada,45.4,-75.666667,2020-12-08,37742154,434320,12993,Canada,6266,97,6539,96
,Canada,45.4,-75.666667,2020-12-09,37742154,440737,13109,Canada,6417,116,6529,98
,Canada,45.4,-75.666667,2020-12-10,37742154,447341,13227,Canada,6604,118,6573,102
,Canada,45.4,-75.666667,2020-12-11,37742154,454254,13355,Canada,6913,128,6584,105
,Canada,45.4,-75.666667,2020-12-12,37742154,460332,13453,Canada,6078,98,6600,109
,Canada,45.4,-75.666667,2020-12-13,37742154,466016,13537,Canada,5684,84,6533,108
,Canada,45.4,-75.666667,2020-12-14,37742154,474661,13677,Canada,8645,140,6658,111
,Canada,45.4,-75.666667,2020-12-15,37742154,480952,13793,Canada,6291,116,6661,114
,Canada,45.4,-75.666667,2020-12-16,37742154,487685,13911,Canada,6733,118,6706,114
,Canada,45.4,-75.666667,2020-12-17,37742154,495152,14067,Canada,7467,156,6830,120
,Canada,45.4,-75.666667,2020-12-18,37742154,502197,14180,Canada,7045,113,6849,117
,Canada,45.4,-75.666667,2020-12-19,37742154,508674,14284,Canada,6477,104,6906,118
,Canada,45.4,-75.666667,2020-12-20,37742154,514500,14374,Canada,5826,90,6926,119
,Canada,45.4,-75.666667,2020-12-21,37742154,522076,14481,Canada,7576,107,6773,114
,Canada,45.4,-75.666667,2020-12-22,37742154,528307,14607,Canada,6231,126,6765,116
,Canada,45.4,-75.666667,2020-12-23,37742154,535204,14752,Canada,6897,145,6788,120
,Canada,45.4,-75.666667,2020-12-24,37742154,541936,14902,Canada,6732,150,6683,119
,Canada,45.4,-75.666667,2020-12-25,37742154,545983,14966,Canada,4047,64,6255,112
,Canada,45.4,-75.666667,2020-12-26,37742154,551184,15051,Canada,5201,85,6072,109
,Canada,45.4,-75.666667,2020-12-27,37742154,556649,15171,Canada,5465,120,6021,113
,Canada,45.4,-75.666667,2020-12-28,37742154,563156,15328,Canada,6507,157,5868,121
,Canada,45.4,-75.666667,2020-12-29,37742154,571823,15528,Canada,8667,200,6216,131
,Canada,45.4,-75.666667,2020-12-30,37742154,580573,15650,Canada,8750,122,6481,128
,Canada,45.4,-75.666667,2020-12-31,37742154,587429,15762,Canada,6856,112,6499,122
,Canada,45.4,-75.666667,2021-01-01,37742154,591149,15806,Canada,3720,44,6452,120
,Canada,45.4,-75.666667,2021-01-02,37742154,598091,15914,Canada,6942,108,6701,123
,Canada,45.4,-75.666667,2021-01-03,37742154,608734,16006,Canada,10643,92,7440,119
,Canada,45.4,-75.666667,2021-01-04,37742154,618801,16247,Canada,10067,241,7949,131
,Canada,45.4,-75.666667,2021-01-05,37742154,626129,16389,Canada,7328,142,7758,123
,Canada,45.4,-75.666667,2021-01-06,37742154,634437,16539,Canada,8308,150,7694,127
,Canada,45.4,-75.666667,2021-01-07,37742154,642978,16704,Canada,8541,165,7935,134
,Canada,45.4,-75.666667,2021-01-08,37742154,652373,16846,Canada,9395,142,8746,148
,Canada,45.4,-75.666667,2021-01-09,37742154,659647,16984,Canada,7274,138,8793,152
,Canada,45.4,-75.666667,2021-01-10,37742154,666375,17074,Canada,6728,90,8234,152
,Canada,45.4,-75.666667,2021-01-11,37742154,674624,17199,Canada,8249,125,7974,136
,Canada,45.4,-75.666667,2021-01-12,37742154,681015,17359,Canada,6391,160,7840,138
,Canada,45.4,-75.666667,2021-01-13,37742154,688097,17539,Canada,7082,180,7665,142
,Canada,45.4,-75.666667,2021-01-14,37742154,695359,17686,Canada,7262,147,7483,140
,Canada,45.4,-75.666667,2021-01-15,37742154,702203,17856,Canada,6844,170,7118,144
,Canada,45.4,-75.666667,2021-01-16,37742154,708263,17978,Canada,6060,122,6945,142
,Canada,45.4,-75.666667,2021-01-17,37742154,714316,18106,Canada,6053,128,6848,147
,Canada,45.4,-75.666667,2021-01-18,37742154,720440,18231,Canada,6124,125,6545,147
,Canada,45.4,-75.666667,2021-01-19,37742154,725599,18382,Canada,5159,151,6369,146
,Canada,45.4,-75.666667,2021-01-20,37742154,731371,18567,Canada,5772,185,6182,146
,Canada,45.4,-75.666667,2021-01-21,37742154,737654,18706,Canada,6283,139,6042,145
,Canada,45.4,-75.666667,2021-01-22,37742154,743384,18887,Canada,5730,181,5883,147
,Canada,45.4,-75.666667,2021-01-23,37742154,748123,18992,Canada,4739,105,5694,144
,Canada,45.4,-75.666667,2021-01-24,37742154,752510,19119,Canada,4387,127,5456,144
,Canada,45.4,-75.666667,2021-01-25,37742154,758142,19245,Canada,5632,126,5386,144
,Canada,45.4,-75.666667,2021-01-26,37742154,762368,19392,Canada,4226,147,5252,144
,Canada,45.4,-75.666667,2021-01-27,37742154,766633,19485,Canada,4265,93,5037,131
,Canada,45.4,-75.666667,2021-01-28,37742154,771358,19676,Canada,4725,191,4814,138
,Canada,45.4,-75.666667,2021-01-29,37742154,776171,19825,Canada,4813,149,4683,134
,Canada,45.4,-75.666667,2021-01-30,37742154,780147,19958,Canada,3976,133,4574,138
,Canada,45.4,-75.666667,2021-01-31,37742154,783735,20041,Canada,3588,83,4460,131
,Canada,45.4,-75.666667,2021-02-01,37742154,788323,20145,Canada,4588,104,4311,128
,Canada,45.4,-75.666667,2021-02-02,37742154,791385,20242,Canada,3062,97,4145,121
,Canada,45.4,-75.666667,2021-02-03,37742154,794681,20361,Canada,3296,119,4006,125
,Canada,45.4,-75.666667,2021-02-04,37742154,798650,20486,Canada,3969,125,3898,115
,Canada,45.4,-75.666667,2021-02-05,37742154,802904,20607,Canada,4254,121,3819,111
,Canada,45.4,-75.666667,2021-02-06,37742154,806010,20700,Canada,3106,93,3694,106
,Canada,45.4,-75.666667,2021-02-07,37742154,808973,20760,Canada,2963,60,3605,102
,Canada,45.4,-75.666667,2021-02-08,37742154,812700,20830,Canada,3727,70,3482,97
,Canada,45.4,-75.666667,2021-02-09,37742154,815526,20914,Canada,2826,84,3448,96
,Canada,45.4,-75.666667,2021-02-10,37742154,818967,21007,Canada,3441,93,3469,92
,Canada,45.4,-75.666667,2021-02-11,37742154,822038,21089,Canada,3071,82,3341,86
,Canada,45.4,-75.666667,2021-02-12,37742154,824754,21168,Canada,2716,79,3121,80
,Canada,45.4,-75.666667,2021-02-13,37742154,828335,21238,Canada,3581,70,3189,76
,Canada,45.4,-75.666667,2021-02-14,37742154,830352,21261,Canada,2017,23,3054,71
,Canada,45.4,-75.666667,2021-02-15,37742154,832058,21298,Canada,1706,37,2765,66
,Canada,45.4,-75.666667,2021-02-16,37742154,836455,21395,Canada,4397,97,2989,68
,Canada,45.4,-75.666667,2021-02-17,37742154,838998,21439,Canada,2543,44,2861,61
,Canada,45.4,-75.666667,2021-02-18,37742154,842393,21509,Canada,3395,70,2907,60
,Canada,45.4,-75.666667,2021-02-19,37742154,845454,21581,Canada,3061,72,2957,59
,Canada,45.4,-75.666667,2021-02-20,37742154,848060,21631,Canada,2606,50,2817,56
,Canada,45.4,-75.666667,2021-02-21,37742154,850617,21675,Canada,2557,44,2895,59
,Canada,45.4,-75.666667,2021-02-22,37742154,853901,21724,Canada,3284,49,3120,60
,Canada,45.4,-75.666667,2021-02-23,37742154,857206,21763,Canada,3305,39,2964,52
,Canada,45.4,-75.666667,2021-02-24,37742154,860200,21810,Canada,2994,47,3028,53
,Canada,45.4,-75.666667,2021-02-25,37742154,863301,21868,Canada,3101,58,2986,51
,Canada,45.4,-75.666667,2021-02-26,37742154,866528,21916,Canada,3227,48,3010,47
,Canada,45.4,-75.666667,2021-02-27,37742154,869058,21961,Canada,2530,45,2999,47
,Canada,45.4,-75.666667,2021-02-28,37742154,871243,21995,Canada,2185,34,2946,45
,Canada,45.4,-75.666667,2021-03-01,37742154,874909,22018,Canada,3666,23,3001,42
,Canada,45.4,-75.666667,2021-03-02,37742154,877747,22046,Canada,2838,28,2934,40
,Canada,45.4,-75.666667,2021-03-03,37742154,880487,22106,Canada,2740,60,2898,42
,Canada,45.4,-75.666667,2021-03-04,37742154,883619,22152,Canada,3132,46,2902,40
,Canada,45.4,-75.666667,2021-03-05,37742154,886492,22193,Canada,2873,41,2852,39
,Canada,45.4,-75.666667,2021-03-06,37742154,889255,22214,Canada,2763,21,2885,36
,Canada,45.4,-75.666667,2021-03-07,37742154,891807,22240,Canada,2552,26,2937,35
,Canada,45.4,-75.666667,2021-03-08,37742154,895889,22277,Canada,4082,37,2997,37
,Canada,45.4,-75.666667,2021-03-09,37742154,898963,22305,Canada,3074,28,3030,37
,Canada,45.4,-75.666667,2021-03-10,37742154,901948,22336,Canada,2985,31,3065,32
,Canada,45.4,-75.666667,2021-03-11,37742154,905071,22372,Canada,3123,36,3064,31
,Canada,45.4,-75.666667,2021-03-12,37742154,908645,22405,Canada,3574,33,3164,30
,Canada,45.4,-75.666667,2021-03-13,37742154,911560,22435,Canada,2915,30,3186,31
,Canada,45.4,-75.666667,2021-03-14,37742154,914204,22464,Canada,2644,29,3199,32
,Canada,45.4,-75.666667,2021-03-15,37742154,917994,22496,Canada,3790,32,3157,31
,Canada,45.4,-75.666667,2021-03-16,37742154,921011,22520,Canada,3017,24,3149,30
,Canada,45.4,-75.666667,2021-03-17,37742154,924444,22555,Canada,3433,35,3213,31
,Canada,45.4,-75.666667,2021-03-18,37742154,928117,22591,Canada,3673,36,3292,31
,Canada,45.4,-75.666667,2021-03-19,37742154,932391,22618,Canada,4274,27,3392,30
,Canada,45.4,-75.666667,2021-03-20,37742154,935714,22644,Canada,3323,26,3450,29
,Canada,45.4,-75.666667,2021-03-21,37742154,938856,22677,Canada,3142,33,3521,30
,Canada,45.4,-75.666667,2021-03-22,37742154,943715,22717,Canada,4859,40,3674,31
,Canada,45.4,-75.666667,2021-03-23,37742154,947393,22736,Canada,3678,19,3768,30
,Canada,45.4,-75.666667,2021-03-24,37742154,951589,22760,Canada,4196,24,3877,29
,Canada,45.4,-75.666667,2021-03-25,37742154,956755,22791,Canada,5166,31,4091,28
,Canada,45.4,-75.666667,2021-03-26,37742154,961839,22827,Canada,5084,36,4206,29
,Canada,45.4,-75.666667,2021-03-27,37742154,966076,22853,Canada,4237,26,4337,29
,Canada,45.4,-75.666667,2021-03-28,37742154,970166,22881,Canada,4090,28,4472,29
,Canada,45.4,-75.666667,2021-03-29,37742154,976479,22901,Canada,6313,20,4680,26
,Canada,45.4,-75.666667,2021-03-30,37742154,980365,22927,Canada,3886,26,4710,27
,Canada,45.4,-75.666667,2021-03-31,37742154,989493,22960,Canada,9128,33,5414,28
,Canada,45.4,-75.666667,2021-04-01,37742154,995249,23003,Canada,5756,43,5499,30
,Canada,45.4,-75.666667,2021-04-02,37742154,998882,23032,Canada,3633,29,5291,29
,Canada,45.4,-75.666667,2021-04-03,37742154,1005978,23051,Canada,7096,19,5700,28
,Canada,45.4,-75.666667,2021-04-04,37742154,1009472,23075,Canada,3494,24,5615,27
,Canada,45.4,-75.666667,2021-04-05,37742154,1017761,23096,Canada,8289,21,5897,27
,Canada,45.4,-75.666667,2021-04-06,37742154,1028626,23142,Canada,10865,46,6894,30
,Canada,45.4,-75.666667,2021-04-07,37742154,1036386,23174,Canada,7760,32,6699,30
,Canada,45.4,-75.666667,2021-04-08,37742154,1044733,23212,Canada,8347,38,7069,29
,Canada,45.4,-75.666667,2021-04-09,37742154,1053999,23252,Canada,9266,40,7873,31
,Canada,45.4,-75.666667,2021-04-10,37742154,1061369,23288,Canada,7370,36,7913,33
,Canada,45.4,-75.666667,2021-04-11,37742154,1069041,23316,Canada,7672,28,8509,34
,Canada,45.4,-75.666667,2021-04-12,37742154,1079582,23357,Canada,10541,41,8831,37
,Canada,45.4,-75.666667,2021-04-13,37742154,1087048,23393,Canada,7466,36,8346,35
,Canada,45.4,-75.666667,2021-04-14,37742154,1096000,23446,Canada,8952,53,8516,38
,Canada,45.4,-75.666667,2021-04-15,37742154,1105778,23501,Canada,9778,55,8720,41
,Canada,45.4,-75.666667,2021-04-16,37742154,1115036,23542,Canada,9258,41,8719,41
,Canada,45.4,-75.666667,2021-04-17,37742154,1122116,23590,Canada,7080,48,8678,43
,Canada,45.4,-75.666667,2021-04-18,37742154,1130006,23624,Canada,7890,34,8709,44
,Canada,45.4,-75.666667,2021-04-19,37742154,1140322,23668,Canada,10316,44,8677,44
,Canada,45.4,-75.666667,2021-04-20,37742154,1147636,23714,Canada,7314,46,8655,45
,Canada,45.4,-75.666667,2021-04-21,37742154,1155855,23764,Canada,8219,50,8550,45
,Canada,45.4,-75.666667,2021-04-22,37742154,1164756,23823,Canada,8901,59,8425,46
,Canada,45.4,-75.666667,2021-04-23,37742154,1173220,23884,Canada,8464,61,8312,48
,Canada,45.4,-75.666667,2021-04-24,37742154,1180681,23928,Canada,7461,44,8366,48
,Canada,45.4,-75.666667,2021-04-25,37742154,1187484,23966,Canada,6803,38,8211,48
,Canada,45.4,-75.666667,2021-04-26,37742154,1196400,24025,Canada,8916,59,8011,51
,Canada,45.4,-75.666667,2021-04-27,37742154,1203429,24066,Canada,7029,41,7970,50
,Canada,45.4,-75.666667,2021-04-28,37742154,1211651,24118,Canada,8222,52,7970,50
,Canada,45.4,-75.666667,2021-04-29,37742154,1220914,24170,Canada,9263,52,8022,49
,Canada,45.4,-75.666667,2021-04-30,37742154,1229305,24220,Canada,8391,50,8012,48
,Canada,45.4,-75.666667,2021-05-01,37742154,1235669,24262,Canada,6364,42,7855,47
,Canada,45.4,-75.666667,2021-05-02,37742154,1241406,24301,Canada,5737,39,7703,47
,Canada,45.4,-75.666667,2021-05-03,37742154,1252391,24343,Canada,10985,42,7998,45
,Canada,45.4,-75.666667,2021-05-04,37742154,1259137,24400,Canada,6746,57,7958,47
,Canada,45.4,-75.666667,2021-05-05,37742154,1266916,24451,Canada,7779,51,7895,47
,Canada,45.4,-75.666667,2021-05-06,37742154,1275006,24490,Canada,8090,39,7727,45
,Canada,45.4,-75.666667,2021-05-07,37742154,1282734,24530,Canada,7728,40,7632,44
,Canada,45.4,-75.666667,2021-05-08,37742154,1288676,24569,Canada,5942,39,7572,43
,Canada,45.4,-75.666667,2021-05-09,37742154,1294120,24627,Canada,5444,58,7530,46
,Canada,45.4,-75.666667,2021-05-10,37742154,1302993,24683,Canada,8873,56,7228,48
,Canada,45.4,-75.666667,2021-05-11,37742154,1308541,24715,Canada,5548,32,7057,45
,Canada,45.4,-75.666667,2021-05-12,37742154,1315211,24769,Canada,6670,54,6899,45
,Canada,45.4,-75.666667,2021-05-13,37742154,1321104,24826,Canada,5893,57,6585,48
,Canada,45.4,-75.666667,2021-05-14,37742154,1327839,24870,Canada,6735,44,6443,48
,Canada,45.4,-75.666667,2021-05-15,37742154,1332229,24909,Canada,4390,39,6221,48
,Canada,45.4,-75.666667,2021-05-16,37742154,1336374,24949,Canada,4145,40,6036,46
,Canada,45.4,-75.666667,2021-05-17,37742154,1342824,24983,Canada,6450,34,5690,42
,Canada,45.4,-75.666667,2021-05-18,37742154,1346736,25019,Canada,3912,36,5456,43
,Canada,45.4,-75.666667,2021-05-19,37742154,1351766,25067,Canada,5030,48,5222,42
,Canada,45.4,-75.666667,2021-05-20,37742154,1356616,25112,Canada,4850,45,5073,40
,Canada,45.4,-75.666667,2021-05-21,37742154,1360950,25163,Canada,4334,51,4730,41
,Canada,45.4,-75.666667,2021-05-22,37742154,1364195,25204,Canada,3245,41,4566,42
,Canada,45.4,-75.666667,2021-05-23,37742154,1367023,25232,Canada,2828,28,4378,40
,Canada,45.4,-75.666667,2021-05-24,37742154,1368739,25262,Canada,1716,30,3702,39
,Canada,45.4,-75.666667,2021-05-25,37742154,1372492,25325,Canada,3753,63,3679,43
,Canada,45.4,-75.666667,2021-05-26,37742154,1374976,25362,Canada,2484,37,3315,42
,Canada,45.4,-75.666667,2021-05-27,37742154,1379674,25412,Canada,4698,50,3294,42
,Canada,45.4,-75.666667,2021-05-28,37742154,1382769,25441,Canada,3095,29,3117,39
,Canada,45.4,-75.666667,2021-05-29,37742154,1384928,25479,Canada,2159,38,2961,39
,Canada,45.4,-75.666667,2021-05-30,37742154,1386871,25513,Canada,1943,34,2835,40
,Canada,45.4,-75.666667,2021-05-31,37742154,1389814,25548,Canada,2943,35,3010,40
,Canada,45.4,-75.666667,2021-06-01,37742154,1391540,25567,Canada,1726,19,2721,34
,Canada,45.4,-75.666667,2021-06-02,37742154,1393732,25613,Canada,2192,46,2679,35
,Canada,45.4,-75.666667,2021-06-03,37742154,1395909,25645,Canada,2177,32,2319,33
,Canada,45.4,-75.666667,2021-06-04,37742154,1397898,25680,Canada,1989,35,2161,34
,Canada,45.4,-75.666667,2021-06-05,37742154,1399231,25713,Canada,1333,33,2043,33
,Canada,45.4,-75.666667,2021-06-06,37742154,1400580,25725,Canada,1349,12,1958,30
,Canada,45.4,-75.666667,2021-06-07,37742154,1402369,25762,Canada,1789,37,1793,30
,Canada,45.4,-75.666667,2021-06-08,37742154,1403490,25792,Canada,1121,30,1707,32
,Canada,45.4,-75.666667,2021-06-09,37742154,1404927,25844,Canada,1437,52,1599,33
,Canada,45.4,-75.666667,2021-06-10,37742154,1406417,25874,Canada,1490,30,1501,32
,Canada,45.4,-75.666667,2021-06-11,37742154,1407798,25887,Canada,1381,13,1414,29
,Canada,45.4,-75.666667,2021-06-12,37742154,1408935,25915,Canada,1137,28,1386,28
,Canada,45.4,-75.666667,2021-06-13,37742154,1409909,25932,Canada,974,17,1332,29
,Canada,45.4,-75.666667,2021-06-14,37742154,1411228,25946,Canada,1319,14,1265,26
,Canada,45.4,-75.666667,2021-06-15,37742154,1412121,25973,Canada,893,27,1233,25
,Canada,45.4,-75.666667,2021-06-16,37742154,1413203,26002,Canada,1082,29,1182,22
,Canada,45.4,-75.666667,2021-06-17,37742154,1414304,26013,Canada,1101,11,1126,19
,Canada,45.4,-75.666667,2021-06-18,37742154,1415272,26024,Canada,968,11,1067,19
,Canada,45.4,-75.666667,2021-06-19,37742154,1416009,26055,Canada,737,31,1010,20
,Canada,45.4,-75.666667,2021-06-20,37742154,1416589,26077,Canada,580,22,954,20
,Canada,45.4,-75.666667,2021-06-21,37742154,1417625,26103,Canada,1036,26,913,22
,Canada,45.4,-75.666667,2021-06-22,37742154,1418135,26156,Canada,510,53,859,26
,Canada,45.4,-75.666667,2021-06-23,37742154,1418853,26176,Canada,718,20,807,24
,Canada,45.4,-75.666667,2021-06-24,37742154,1419569,26193,Canada,716,17,752,25
,Canada,45.4,-75.666667,2021-06-25,37742154,1420191,26198,Canada,622,5,702,24
,Canada,45.4,-75.666667,2021-06-26,37742154,1420724,26215,Canada,533,17,673,22
,Canada,45.4,-75.666667,2021-06-27,37742154,1421122,26228,Canada,398,13,647,21
,Canada,45.4,-75.666667,2021-06-28,37742154,1422053,26239,Canada,931,11,632,19
,Canada,45.4,-75.666667,2021-06-29,37742154,1422618,26275,Canada,565,36,640,17
,Canada,45.4,-75.666667,2021-06-30,37742154,1423170,26296,Canada,552,21,616,17
,Canada,45.4,-75.666667,2021-07-01,37742154,1423321,26315,Canada,151,19,536,17
,Canada,45.4,-75.666667,2021-07-02,37742154,1424160,26339,Canada,839,24,567,20
,Canada,45.4,-75.666667,2021-07-03,37742154,1424502,26349,Canada,342,10,539,19
,Canada,45.4,-75.666667,2021-07-04,37742154,1424784,26361,Canada,282,12,523,19
,Canada,45.4,-75.666667,2021-07-05,37742154,1425594,26369,Canada,810,8,505,18
,Canada,45.4,-75.666667,2021-07-06,37742154,1425884,26382,Canada,290,13,466,15
,Canada,45.4,-75.666667,2021-07-07,37742154,1426435,26388,Canada,551,6,466,13
,Canada,45.4,-75.666667,2021-07-08,37742154,1427027,26406,Canada,592,18,529,13
,Canada,45.4,-75.666667,2021-07-09,37742154,1427582,26420,Canada,555,14,488,11
,Canada,45.4,-75.666667,2021-07-10,37742154,1427899,26429,Canada,317,9,485,11
,Canada,45.4,-75.666667,2021-07-11,37742154,1428162,26437,Canada,263,8,482,10
,Canada,45.4,-75.666667,2021-07-12,37742154,1428689,26440,Canada,527,3,442,10
,Canada,45.4,-75.666667,2021-07-13,37742154,1429029,26451,Canada,340,11,449,9
,Canada,45.4,-75.666667,2021-07-14,37742154,1429369,26459,Canada,340,8,419,10
,Canada,45.4,-75.666667,2021-07-15,37742154,1429747,26473,Canada,378,14,388,9
,Canada,45.4,-75.666667,2021-07-16,37742154,1430127,26490,Canada,380,17,363,10
,Canada,45.4,-75.666667,2021-07-17,37742154,1430437,26494,Canada,310,4,362,9
,Canada,45.4,-75.666667,2021-07-18,37742154,1430740,26501,Canada,303,7,368,9
,Canada,45.4,-75.666667,2021-07-19,37742154,1431378,26505,Canada,638,4,384,9
,Canada,45.4,-75.666667,2021-07-20,37742154,1431691,26509,Canada,313,4,380,8
,Canada,45.4,-75.666667,2021-07-21,37742154,1432208,26513,Canada,517,4,405,7
,Canada,45.4,-75.666667,2021-07-22,37742154,1432606,26527,Canada,398,14,408,7
,Canada,45.4,-75.666667,2021-07-23,37742154,1433200,26540,Canada,594,13,439,7
,Canada,45.4,-75.666667,2021-07-24,37742154,1433525,26545,Canada,325,5,441,7
,Canada,45.4,-75.666667,2021-07-25,37742154,1433792,26549,Canada,267,4,436,6
,Canada,45.4,-75.666667,2021-07-26,37742154,1434866,26554,Canada,1074,5,498,7
,Canada,45.4,-75.666667,2021-07-27,37742154,1435403,26561,Canada,537,7,530,7
,Canada,45.4,-75.666667,2021-07-28,37742154,1436199,26571,Canada,796,10,570,8
,Canada,45.4,-75.666667,2021-07-29,37742154,1437111,26577,Canada,912,6,643,7
,Canada,45.4,-75.666667,2021-07-30,37742154,1438021,26593,Canada,910,16,688,7
,Canada,45.4,-75.666667,2021-07-31,37742154,1438457,26599,Canada,436,6,704,7
,Canada,45.4,-75.666667,2021-08-01,37742154,1438817,26601,Canada,360,2,717,7
,Canada,45.4,-75.666667,2021-08-02,37742154,1439032,26602,Canada,215,1,595,6
,Canada,45.4,-75.666667,2021-08-03,37742154,1441275,26608,Canada,2243,6,838,6
,Canada,45.4,-75.666667,2021-08-04,37742154,1442255,26619,Canada,980,11,865,6
,Canada,45.4,-75.666667,2021-08-05,37742154,1443778,26638,Canada,1523,19,952,8
,Canada,45.4,-75.666667,2021-08-06,37742154,1445330,26655,Canada,1552,17,1044,8
,Canada,45.4,-75.666667,2021-08-07,37742154,1445915,26664,Canada,585,9,1065,9
,Canada,45.4,-75.666667,2021-08-08,37742154,1446497,26670,Canada,582,6,1097,9
,Canada,45.4,-75.666667,2021-08-09,37742154,1449706,26679,Canada,3209,9,1524,11
,Canada,45.4,-75.666667,2021-08-10,37742154,1451040,26684,Canada,1334,5,1395,10
,Canada,45.4,-75.666667,2021-08-11,37742154,1453000,26689,Canada,1960,5,1535,10
,Canada,45.4,-75.666667,2021-08-12,37742154,1455141,26693,Canada,2141,4,1623,7
,Canada,45.4,-75.666667,2021-08-13,37742154,1457458,26699,Canada,2317,6,1732,6
,Canada,45.4,-75.666667,2021-08-14,37742154,1458326,26702,Canada,868,3,1773,5
,Canada,45.4,-75.666667,2021-08-15,37742154,1459070,26701,Canada,744,-1,1796,4
,Canada,45.4,-75.666667,2021-08-16,37742154,1463616,26705,Canada,4546,4,1987,3
,Canada,45.4,-75.666667,2021-08-17,37742154,1465478,26720,Canada,1862,15,2062,5
,Canada,45.4,-75.666667,2021-08-18,37742154,1467834,26762,Canada,2356,42,2119,10
,Canada,45.4,-75.666667,2021-08-19,37742154,1470803,26784,Canada,2969,22,2237,13
,Canada,45.4,-75.666667,2021-08-20,37742154,1473801,26790,Canada,2998,6,2334,13
,Canada,45.4,-75.666667,2021-08-21,37742154,1474854,26791,Canada,1053,1,2361,12
,Canada,45.4,-75.666667,2021-08-22,37742154,1476010,26793,Canada,1156,2,2420,13
,Canada,45.4,-75.666667,2021-08-23,37742154,1481438,26815,Canada,5428,22,2546,15
,Canada,45.4,-75.666667,2021-08-24,37742154,1483660,26849,Canada,2222,34,2597,18
,Canada,45.4,-75.666667,2021-08-25,37742154,1487197,26919,Canada,3537,70,2766,22
,Canada,45.4,-75.666667,2021-08-26,37742154,1490617,26929,Canada,3420,10,2830,20
,Canada,45.4,-75.666667,2021-08-27,37742154,1494397,26946,Canada,3780,17,2942,22
,Canada,45.4,-75.666667,2021-08-28,37742154,1495859,26953,Canada,1462,7,3000,23
,Canada,45.4,-75.666667,2021-08-29,37742154,1497283,26954,Canada,1424,1,3039,23
,Canada,45.4,-75.666667,2021-08-30,37742154,1504157,26972,Canada,6874,18,3245,22
,Canada,45.4,-75.666667,2021-08-31,37742154,1507092,26989,Canada,2935,17,3347,20
,Canada,45.4,-75.666667,2021-09-01,37742154,1511046,27020,Canada,3954,31,3407,14
,Canada,45.4,-75.666667,2021-09-02,37742154,1515042,27045,Canada,3996,25,3489,16
,Canada,45.4,-75.666667,2021-09-03,37742154,1519248,27061,Canada,4206,16,3550,16
,Canada,45.4,-75.666667,2021-09-04,37742154,1520892,27069,Canada,1644,8,3576,16
,Canada,45.4,-75.666667,2021-09-05,37742154,1522625,27072,Canada,1733,3,3620,16
,Canada,45.4,-75.666667,2021-09-06,37742154,1523668,27073,Canada,1043,1,2787,14
,Canada,45.4,-75.666667,2021-09-07,37742154,1533589,27122,Canada,9921,49,3785,19
,Canada,45.4,-75.666667,2021-09-08,37742154,1537294,27164,Canada,3705,42,3749,20
,Canada,45.4,-75.666667,2021-09-09,37742154,1541555,27190,Canada,4261,26,3787,20
,Canada,45.4,-75.666667,2021-09-10,37742154,1546154,27230,Canada,4599,40,3843,24
,Canada,45.4,-75.666667,2021-09-11,37742154,1547067,27235,Canada,913,5,3739,23
,Canada,45.4,-75.666667,2021-09-12,37742154,1549841,27247,Canada,2774,12,3888,25
,Canada,45.4,-75.666667,2021-09-13,37742154,1559129,27289,Canada,9288,42,5065,30
,Canada,45.4,-75.666667,2021-09-14,37742154,1563143,27315,Canada,4014,26,4222,27
,Canada,45.4,-75.666667,2021-09-15,37742154,1567557,27356,Canada,4414,41,4323,27
,Canada,45.4,-75.666667,2021-09-16,37742154,1572228,27377,Canada,4671,21,4381,26
,Canada,45.4,-75.666667,2021-09-17,37742154,1577335,27421,Canada,5107,44,4454,27
,Canada,45.4,-75.666667,2021-09-18,37742154,1579181,27434,Canada,1846,13,4587,28
,Canada,45.4,-75.666667,2021-09-19,37742154,1581003,27445,Canada,1822,11,4451,28
,Canada,45.4,-75.666667,2021-09-20,37742154,1589989,27487,Canada,8986,42,4408,28
,Canada,45.4,-75.666667,2021-09-21,37742154,1593674,27539,Canada,3685,52,4361,32
,Canada,45.4,-75.666667,2021-09-22,37742154,1597789,27590,Canada,4115,51,4318,33
,Canada,45.4,-75.666667,2021-09-23,37742154,1602413,27636,Canada,4624,46,4312,37
,Canada,45.4,-75.666667,2021-09-24,37742154,1606974,27677,Canada,4561,41,4234,36
,Canada,45.4,-75.666667,2021-09-25,37742154,1608019,27690,Canada,1045,13,4119,36
,Canada,45.4,-75.666667,2021-09-26,37742154,1609156,27695,Canada,1137,5,4021,35
,Canada,45.4,-75.666667,2021-09-27,37742154,1620537,27751,Canada,11381,56,4364,37
,Canada,45.4,-75.666667,2021-09-28,37742154,1624001,27808,Canada,3464,57,4332,38
,Canada,45.4,-75.666667,2021-09-29,37742154,1628329,27875,Canada,4328,67,4362,40
,Canada,45.4,-75.666667,2021-09-30,37742154,1631647,27914,Canada,3318,39,4176,39
,Canada,45.4,-75.666667,2021-10-01,37742154,1637441,27974,Canada,5794,60,4352,42
,Canada,45.4,-75.666667,2021-10-02,37742154,1639169,27996,Canada,1728,22,4450,43
,Canada,45.4,-75.666667,2021-10-03,37742154,1640565,28002,Canada,1396,6,4487,43
,Canada,45.4,-75.666667,2021-10-04,37742154,1648942,28054,Canada,8377,52,4057,43
,Canada,45.4,-75.666667,2021-10-05,37742154,1651603,28109,Canada,2661,55,3943,43
,Canada,45.4,-75.666667,2021-10-06,37742154,1655406,28165,Canada,3803,56,3868,41
,Canada,45.4,-75.666667,2021-10-07,37742154,1659517,28196,Canada,4111,31,3981,40
,Canada,45.4,-75.666667,2021-10-08,37742154,1663716,28239,Canada,4199,43,3753,37
,Canada,45.4,-75.666667,2021-10-09,37742154,1665312,28246,Canada,1596,7,3734,35
,Canada,45.4,-75.666667,2021-10-10,37742154,1666908,28254,Canada,1596,8,3763,36
,Canada,45.4,-75.666667,2021-10-11,37742154,1668009,28264,Canada,1101,10,2723,30
,Canada,45.4,-75.666667,2021-10-12,37742154,1675805,28343,Canada,7796,79,3457,33
,Canada,45.4,-75.666667,2021-10-13,37742154,1678511,28422,Canada,2706,79,3300,36
,Canada,45.4,-75.666667,2021-10-14,37742154,1681669,28474,Canada,3158,52,3164,39
,Canada,45.4,-75.666667,2021-10-15,37742154,1685112,28521,Canada,3443,47,3056,40
,Canada,45.4,-75.666667,2021-10-16,37742154,1686625,28534,Canada,1513,13,3044,41
,Canada,45.4,-75.666667,2021-10-17,37742154,1687883,28545,Canada,1258,11,2996,41
