Province_State,Country_Region,Lat,Long,Date,Confirmed,Deaths,Combined_Key,Population,ConfirmedNew,DeathsNew,ConfirmedNewMean,DeathsNewMean
,Russia,61.52401,105.318756,2020-01-22,0,0,", Russia",145934462.0,0,0,0,0
,Russia,61.52401,105.318756,2020-01-23,0,0,", Russia",145934462.0,0,0,0,0
,Russia,61.52401,105.318756,2020-01-24,0,0,", Russia",145934462.0,0,0,0,0
,Russia,61.52401,105.318756,2020-01-25,0,0,", Russia",145934462.0,0,0,0,0
,Russia,61.52401,105.318756,2020-01-26,0,0,", Russia",145934462.0,0,0,0,0
,Russia,61.52401,105.318756,2020-01-27,0,0,", Russia",145934462.0,0,0,0,0
,Russia,61.52401,105.318756,2020-01-28,0,0,", Russia",145934462.0,0,0,0,0
,Russia,61.52401,105.318756,2020-01-29,0,0,", Russia",145934462.0,0,0,0,0
,Russia,61.52401,105.318756,2020-01-30,0,0,", Russia",145934462.0,0,0,0,0
,Russia,61.52401,105.318756,2020-01-31,2,0,", Russia",145934462.0,2,0,0,0
,Russia,61.52401,105.318756,2020-02-01,2,0,", Russia",145934462.0,0,0,0,0
,Russia,61.52401,105.318756,2020-02-02,2,0,", Russia",145934462.0,0,0,0,0
,Russia,61.52401,105.318756,2020-02-03,2,0,", Russia",145934462.0,0,0,0,0
,Russia,61.52401,105.318756,2020-02-04,2,0,", Russia",145934462.0,0,0,0,0
,Russia,61.52401,105.318756,2020-02-05,2,0,", Russia",145934462.0,0,0,0,0
,Russia,61.52401,105.318756,2020-02-06,2,0,", Russia",145934462.0,0,0,0,0
,Russia,61.52401,105.318756,2020-02-07,2,0,", Russia",145934462.0,0,0,0,0
,Russia,61.52401,105.318756,2020-02-08,2,0,", Russia",145934462.0,0,0,0,0
,Russia,61.52401,105.318756,2020-02-09,2,0,", Russia",145934462.0,0,0,0,0
,Russia,61.52401,105.318756,2020-02-10,2,0,", Russia",145934462.0,0,0,0,0
,Russia,61.52401,105.318756,2020-02-11,2,0,", Russia",145934462.0,0,0,0,0
,Russia,61.52401,105.318756,2020-02-12,2,0,", Russia",145934462.0,0,0,0,0
,Russia,61.52401,105.318756,2020-02-13,2,0,", Russia",145934462.0,0,0,0,0
,Russia,61.52401,105.318756,2020-02-14,2,0,", Russia",145934462.0,0,0,0,0
,Russia,61.52401,105.318756,2020-02-15,2,0,", Russia",145934462.0,0,0,0,0
,Russia,61.52401,105.318756,2020-02-16,2,0,", Russia",145934462.0,0,0,0,0
,Russia,61.52401,105.318756,2020-02-17,2,0,", Russia",145934462.0,0,0,0,0
,Russia,61.52401,105.318756,2020-02-18,2,0,", Russia",145934462.0,0,0,0,0
,Russia,61.52401,105.318756,2020-02-19,2,0,", Russia",145934462.0,0,0,0,0
,Russia,61.52401,105.318756,2020-02-20,2,0,", Russia",145934462.0,0,0,0,0
,Russia,61.52401,105.318756,2020-02-21,2,0,", Russia",145934462.0,0,0,0,0
,Russia,61.52401,105.318756,2020-02-22,2,0,", Russia",145934462.0,0,0,0,0
,Russia,61.52401,105.318756,2020-02-23,2,0,", Russia",145934462.0,0,0,0,0
,Russia,61.52401,105.318756,2020-02-24,2,0,", Russia",145934462.0,0,0,0,0
,Russia,61.52401,105.318756,2020-02-25,2,0,", Russia",145934462.0,0,0,0,0
,Russia,61.52401,105.318756,2020-02-26,2,0,", Russia",145934462.0,0,0,0,0
,Russia,61.52401,105.318756,2020-02-27,2,0,", Russia",145934462.0,0,0,0,0
,Russia,61.52401,105.318756,2020-02-28,2,0,", Russia",145934462.0,0,0,0,0
,Russia,61.52401,105.318756,2020-02-29,2,0,", Russia",145934462.0,0,0,0,0
,Russia,61.52401,105.318756,2020-03-01,2,0,", Russia",145934462.0,0,0,0,0
,Russia,61.52401,105.318756,2020-03-02,3,0,", Russia",145934462.0,1,0,0,0
,Russia,61.52401,105.318756,2020-03-03,3,0,", Russia",145934462.0,0,0,0,0
,Russia,61.52401,105.318756,2020-03-04,3,0,", Russia",145934462.0,0,0,0,0
,Russia,61.52401,105.318756,2020-03-05,4,0,", Russia",145934462.0,1,0,0,0
,Russia,61.52401,105.318756,2020-03-06,13,0,", Russia",145934462.0,9,0,1,0
,Russia,61.52401,105.318756,2020-03-07,13,0,", Russia",145934462.0,0,0,1,0
,Russia,61.52401,105.318756,2020-03-08,17,0,", Russia",145934462.0,4,0,2,0
,Russia,61.52401,105.318756,2020-03-09,17,0,", Russia",145934462.0,0,0,2,0
,Russia,61.52401,105.318756,2020-03-10,20,0,", Russia",145934462.0,3,0,2,0
,Russia,61.52401,105.318756,2020-03-11,20,0,", Russia",145934462.0,0,0,2,0
,Russia,61.52401,105.318756,2020-03-12,28,0,", Russia",145934462.0,8,0,3,0
,Russia,61.52401,105.318756,2020-03-13,45,0,", Russia",145934462.0,17,0,4,0
,Russia,61.52401,105.318756,2020-03-14,59,0,", Russia",145934462.0,14,0,6,0
,Russia,61.52401,105.318756,2020-03-15,63,0,", Russia",145934462.0,4,0,6,0
,Russia,61.52401,105.318756,2020-03-16,90,0,", Russia",145934462.0,27,0,10,0
,Russia,61.52401,105.318756,2020-03-17,114,0,", Russia",145934462.0,24,0,13,0
,Russia,61.52401,105.318756,2020-03-18,147,0,", Russia",145934462.0,33,0,18,0
,Russia,61.52401,105.318756,2020-03-19,199,1,", Russia",145934462.0,52,1,24,0
,Russia,61.52401,105.318756,2020-03-20,253,1,", Russia",145934462.0,54,0,29,0
,Russia,61.52401,105.318756,2020-03-21,306,1,", Russia",145934462.0,53,0,35,0
,Russia,61.52401,105.318756,2020-03-22,367,1,", Russia",145934462.0,61,0,43,0
,Russia,61.52401,105.318756,2020-03-23,438,1,", Russia",145934462.0,71,0,49,0
,Russia,61.52401,105.318756,2020-03-24,495,1,", Russia",145934462.0,57,0,54,0
,Russia,61.52401,105.318756,2020-03-25,658,3,", Russia",145934462.0,163,2,73,0
,Russia,61.52401,105.318756,2020-03-26,840,3,", Russia",145934462.0,182,0,91,0
,Russia,61.52401,105.318756,2020-03-27,1036,4,", Russia",145934462.0,196,1,111,0
,Russia,61.52401,105.318756,2020-03-28,1264,4,", Russia",145934462.0,228,0,136,0
,Russia,61.52401,105.318756,2020-03-29,1534,8,", Russia",145934462.0,270,4,166,1
,Russia,61.52401,105.318756,2020-03-30,1836,9,", Russia",145934462.0,302,1,199,1
,Russia,61.52401,105.318756,2020-03-31,2337,17,", Russia",145934462.0,501,8,263,2
,Russia,61.52401,105.318756,2020-04-01,2777,24,", Russia",145934462.0,440,7,302,3
,Russia,61.52401,105.318756,2020-04-02,3548,30,", Russia",145934462.0,771,6,386,3
,Russia,61.52401,105.318756,2020-04-03,4149,34,", Russia",145934462.0,601,4,444,4
,Russia,61.52401,105.318756,2020-04-04,4731,43,", Russia",145934462.0,582,9,495,5
,Russia,61.52401,105.318756,2020-04-05,5389,45,", Russia",145934462.0,658,2,550,5
,Russia,61.52401,105.318756,2020-04-06,6343,47,", Russia",145934462.0,954,2,643,5
,Russia,61.52401,105.318756,2020-04-07,7497,58,", Russia",145934462.0,1154,11,737,5
,Russia,61.52401,105.318756,2020-04-08,8672,63,", Russia",145934462.0,1175,5,842,5
,Russia,61.52401,105.318756,2020-04-09,10131,76,", Russia",145934462.0,1459,13,940,6
,Russia,61.52401,105.318756,2020-04-10,11917,94,", Russia",145934462.0,1786,18,1109,8
,Russia,61.52401,105.318756,2020-04-11,13584,106,", Russia",145934462.0,1667,12,1264,9
,Russia,61.52401,105.318756,2020-04-12,15770,130,", Russia",145934462.0,2186,24,1483,12
,Russia,61.52401,105.318756,2020-04-13,18328,148,", Russia",145934462.0,2558,18,1712,14
,Russia,61.52401,105.318756,2020-04-14,21102,170,", Russia",145934462.0,2774,22,1943,16
,Russia,61.52401,105.318756,2020-04-15,24490,198,", Russia",145934462.0,3388,28,2259,19
,Russia,61.52401,105.318756,2020-04-16,27938,232,", Russia",145934462.0,3448,34,2543,22
,Russia,61.52401,105.318756,2020-04-17,32008,273,", Russia",145934462.0,4070,41,2870,25
,Russia,61.52401,105.318756,2020-04-18,36793,313,", Russia",145934462.0,4785,40,3315,29
,Russia,61.52401,105.318756,2020-04-19,42853,361,", Russia",145934462.0,6060,48,3869,33
,Russia,61.52401,105.318756,2020-04-20,47121,405,", Russia",145934462.0,4268,44,4113,36
,Russia,61.52401,105.318756,2020-04-21,52763,456,", Russia",145934462.0,5642,51,4523,40
,Russia,61.52401,105.318756,2020-04-22,57999,513,", Russia",145934462.0,5236,57,4787,45
,Russia,61.52401,105.318756,2020-04-23,62773,555,", Russia",145934462.0,4774,42,4976,46
,Russia,61.52401,105.318756,2020-04-24,68622,615,", Russia",145934462.0,5849,60,5230,48
,Russia,61.52401,105.318756,2020-04-25,74588,681,", Russia",145934462.0,5966,66,5399,52
,Russia,61.52401,105.318756,2020-04-26,80949,747,", Russia",145934462.0,6361,66,5442,55
,Russia,61.52401,105.318756,2020-04-27,87147,794,", Russia",145934462.0,6198,47,5718,55
,Russia,61.52401,105.318756,2020-04-28,93558,867,", Russia",145934462.0,6411,73,5827,58
,Russia,61.52401,105.318756,2020-04-29,99399,972,", Russia",145934462.0,5841,105,5914,65
,Russia,61.52401,105.318756,2020-04-30,106498,1073,", Russia",145934462.0,7099,101,6246,74
,Russia,61.52401,105.318756,2020-05-01,114431,1169,", Russia",145934462.0,7933,96,6544,79
,Russia,61.52401,105.318756,2020-05-02,124054,1222,", Russia",145934462.0,9623,53,7066,77
,Russia,61.52401,105.318756,2020-05-03,134687,1280,", Russia",145934462.0,10633,58,7676,76
,Russia,61.52401,105.318756,2020-05-04,145268,1356,", Russia",145934462.0,10581,76,8303,80
,Russia,61.52401,105.318756,2020-05-05,155370,1451,", Russia",145934462.0,10102,95,8830,83
,Russia,61.52401,105.318756,2020-05-06,165929,1537,", Russia",145934462.0,10559,86,9504,80
,Russia,61.52401,105.318756,2020-05-07,177160,1625,", Russia",145934462.0,11231,88,10094,78
,Russia,61.52401,105.318756,2020-05-08,187859,1723,", Russia",145934462.0,10699,98,10489,79
,Russia,61.52401,105.318756,2020-05-09,198676,1827,", Russia",145934462.0,10817,104,10660,86
,Russia,61.52401,105.318756,2020-05-10,209688,1915,", Russia",145934462.0,11012,88,10714,90
,Russia,61.52401,105.318756,2020-05-11,221344,2009,", Russia",145934462.0,11656,94,10868,93
,Russia,61.52401,105.318756,2020-05-12,232243,2116,", Russia",145934462.0,10899,107,10981,95
,Russia,61.52401,105.318756,2020-05-13,242271,2212,", Russia",145934462.0,10028,96,10906,96
,Russia,61.52401,105.318756,2020-05-14,252245,2305,", Russia",145934462.0,9974,93,10726,97
,Russia,61.52401,105.318756,2020-05-15,262843,2418,", Russia",145934462.0,10598,113,10712,99
,Russia,61.52401,105.318756,2020-05-16,272043,2537,", Russia",145934462.0,9200,119,10481,101
,Russia,61.52401,105.318756,2020-05-17,281752,2631,", Russia",145934462.0,9709,94,10294,102
,Russia,61.52401,105.318756,2020-05-18,290678,2722,", Russia",145934462.0,8926,91,9904,101
,Russia,61.52401,105.318756,2020-05-19,299941,2837,", Russia",145934462.0,9263,115,9671,103
,Russia,61.52401,105.318756,2020-05-20,308705,2972,", Russia",145934462.0,8764,135,9490,108
,Russia,61.52401,105.318756,2020-05-21,317554,3099,", Russia",145934462.0,8849,127,9329,113
,Russia,61.52401,105.318756,2020-05-22,326448,3249,", Russia",145934462.0,8894,150,9086,118
,Russia,61.52401,105.318756,2020-05-23,335882,3388,", Russia",145934462.0,9434,139,9119,121
,Russia,61.52401,105.318756,2020-05-24,344481,3541,", Russia",145934462.0,8599,153,8961,130
,Russia,61.52401,105.318756,2020-05-25,353427,3633,", Russia",145934462.0,8946,92,8964,130
,Russia,61.52401,105.318756,2020-05-26,362342,3807,", Russia",145934462.0,8915,174,8914,138
,Russia,61.52401,105.318756,2020-05-27,370680,3968,", Russia",145934462.0,8338,161,8853,142
,Russia,61.52401,105.318756,2020-05-28,379051,4142,", Russia",145934462.0,8371,174,8785,149
,Russia,61.52401,105.318756,2020-05-29,387623,4374,", Russia",145934462.0,8572,232,8739,160
,Russia,61.52401,105.318756,2020-05-30,396575,4555,", Russia",145934462.0,8952,181,8670,166
,Russia,61.52401,105.318756,2020-05-31,405843,4693,", Russia",145934462.0,9268,138,8766,164
,Russia,61.52401,105.318756,2020-06-01,414328,4849,", Russia",145934462.0,8485,156,8700,173
,Russia,61.52401,105.318756,2020-06-02,423186,5031,", Russia",145934462.0,8858,182,8692,174
,Russia,61.52401,105.318756,2020-06-03,431715,5208,", Russia",145934462.0,8529,177,8719,177
,Russia,61.52401,105.318756,2020-06-04,440538,5376,", Russia",145934462.0,8823,168,8783,176
,Russia,61.52401,105.318756,2020-06-05,449256,5520,", Russia",145934462.0,8718,144,8804,163
,Russia,61.52401,105.318756,2020-06-06,458102,5717,", Russia",145934462.0,8846,197,8789,166
,Russia,61.52401,105.318756,2020-06-07,467073,5851,", Russia",145934462.0,8971,134,8747,165
,Russia,61.52401,105.318756,2020-06-08,476043,5963,", Russia",145934462.0,8970,112,8816,159
,Russia,61.52401,105.318756,2020-06-09,484630,6134,", Russia",145934462.0,8587,171,8777,157
,Russia,61.52401,105.318756,2020-06-10,493023,6350,", Russia",145934462.0,8393,216,8758,163
,Russia,61.52401,105.318756,2020-06-11,501800,6522,", Russia",145934462.0,8777,172,8751,163
,Russia,61.52401,105.318756,2020-06-12,510761,6705,", Russia",145934462.0,8961,183,8786,169
,Russia,61.52401,105.318756,2020-06-13,519458,6819,", Russia",145934462.0,8697,114,8765,157
,Russia,61.52401,105.318756,2020-06-14,528267,6938,", Russia",145934462.0,8809,119,8742,155
,Russia,61.52401,105.318756,2020-06-15,536484,7081,", Russia",145934462.0,8217,143,8634,159
,Russia,61.52401,105.318756,2020-06-16,544725,7274,", Russia",145934462.0,8241,193,8585,162
,Russia,61.52401,105.318756,2020-06-17,552549,7468,", Russia",145934462.0,7824,194,8503,159
,Russia,61.52401,105.318756,2020-06-18,560321,7650,", Russia",145934462.0,7772,182,8360,161
,Russia,61.52401,105.318756,2020-06-19,568292,7831,", Russia",145934462.0,7971,181,8218,160
,Russia,61.52401,105.318756,2020-06-20,576162,7992,", Russia",145934462.0,7870,161,8100,167
,Russia,61.52401,105.318756,2020-06-21,583879,8101,", Russia",145934462.0,7717,109,7944,166
,Russia,61.52401,105.318756,2020-06-22,591465,8196,", Russia",145934462.0,7586,95,7854,159
,Russia,61.52401,105.318756,2020-06-23,598878,8349,", Russia",145934462.0,7413,153,7736,153
,Russia,61.52401,105.318756,2020-06-24,606043,8503,", Russia",145934462.0,7165,154,7642,147
,Russia,61.52401,105.318756,2020-06-25,613148,8594,", Russia",145934462.0,7105,91,7546,134
,Russia,61.52401,105.318756,2020-06-26,619936,8770,", Russia",145934462.0,6788,176,7377,134
,Russia,61.52401,105.318756,2020-06-27,626779,8958,", Russia",145934462.0,6843,188,7231,138
,Russia,61.52401,105.318756,2020-06-28,633563,9060,", Russia",145934462.0,6784,102,7097,137
,Russia,61.52401,105.318756,2020-06-29,640246,9152,", Russia",145934462.0,6683,92,6968,136
,Russia,61.52401,105.318756,2020-06-30,646929,9306,", Russia",145934462.0,6683,154,6864,136
,Russia,61.52401,105.318756,2020-07-01,653479,9521,", Russia",145934462.0,6550,215,6776,145
,Russia,61.52401,105.318756,2020-07-02,660231,9668,", Russia",145934462.0,6752,147,6726,153
,Russia,61.52401,105.318756,2020-07-03,666941,9844,", Russia",145934462.0,6710,176,6715,153
,Russia,61.52401,105.318756,2020-07-04,673564,10011,", Russia",145934462.0,6623,167,6683,150
,Russia,61.52401,105.318756,2020-07-05,680283,10145,", Russia",145934462.0,6719,134,6674,155
,Russia,61.52401,105.318756,2020-07-06,686852,10280,", Russia",145934462.0,6569,135,6658,161
,Russia,61.52401,105.318756,2020-07-07,693215,10478,", Russia",145934462.0,6363,198,6612,167
,Russia,61.52401,105.318756,2020-07-08,699749,10650,", Russia",145934462.0,6534,172,6610,161
,Russia,61.52401,105.318756,2020-07-09,706240,10826,", Russia",145934462.0,6491,176,6572,165
,Russia,61.52401,105.318756,2020-07-10,712863,11000,", Russia",145934462.0,6623,174,6560,165
,Russia,61.52401,105.318756,2020-07-11,719449,11188,", Russia",145934462.0,6586,188,6555,168
,Russia,61.52401,105.318756,2020-07-12,726036,11318,", Russia",145934462.0,6587,130,6536,167
,Russia,61.52401,105.318756,2020-07-13,732547,11422,", Russia",145934462.0,6511,104,6527,163
,Russia,61.52401,105.318756,2020-07-14,738787,11597,", Russia",145934462.0,6240,175,6510,159
,Russia,61.52401,105.318756,2020-07-15,745197,11753,", Russia",145934462.0,6410,156,6492,157
,Russia,61.52401,105.318756,2020-07-16,751612,11920,", Russia",145934462.0,6415,167,6481,156
,Russia,61.52401,105.318756,2020-07-17,758001,12106,", Russia",145934462.0,6389,186,6448,158
,Russia,61.52401,105.318756,2020-07-18,764215,12228,", Russia",145934462.0,6214,122,6395,148
,Russia,61.52401,105.318756,2020-07-19,770311,12323,", Russia",145934462.0,6096,95,6325,143
,Russia,61.52401,105.318756,2020-07-20,776212,12408,", Russia",145934462.0,5901,85,6237,140
,Russia,61.52401,105.318756,2020-07-21,782040,12561,", Russia",145934462.0,5828,153,6179,137
,Russia,61.52401,105.318756,2020-07-22,787890,12726,", Russia",145934462.0,5850,165,6099,139
,Russia,61.52401,105.318756,2020-07-23,793720,12873,", Russia",145934462.0,5830,147,6015,136
,Russia,61.52401,105.318756,2020-07-24,799499,13026,", Russia",145934462.0,5779,153,5928,131
,Russia,61.52401,105.318756,2020-07-25,805332,13172,", Russia",145934462.0,5833,146,5873,134
,Russia,61.52401,105.318756,2020-07-26,811073,13249,", Russia",145934462.0,5741,77,5823,132
,Russia,61.52401,105.318756,2020-07-27,816680,13334,", Russia",145934462.0,5607,85,5781,132
,Russia,61.52401,105.318756,2020-07-28,822060,13483,", Russia",145934462.0,5380,149,5717,131
,Russia,61.52401,105.318756,2020-07-29,827509,13650,", Russia",145934462.0,5449,167,5659,132
,Russia,61.52401,105.318756,2020-07-30,832993,13778,", Russia",145934462.0,5484,128,5610,129
,Russia,61.52401,105.318756,2020-07-31,838461,13939,", Russia",145934462.0,5468,161,5566,130
,Russia,61.52401,105.318756,2020-08-01,843890,14034,", Russia",145934462.0,5429,95,5508,123
,Russia,61.52401,105.318756,2020-08-02,849277,14104,", Russia",145934462.0,5387,70,5457,122
,Russia,61.52401,105.318756,2020-08-03,854641,14183,", Russia",145934462.0,5364,79,5423,121
,Russia,61.52401,105.318756,2020-08-04,859762,14327,", Russia",145934462.0,5121,144,5386,120
,Russia,61.52401,105.318756,2020-08-05,864948,14465,", Russia",145934462.0,5186,138,5348,116
,Russia,61.52401,105.318756,2020-08-06,870187,14579,", Russia",145934462.0,5239,114,5313,114
,Russia,61.52401,105.318756,2020-08-07,875378,14698,", Russia",145934462.0,5191,119,5273,108
,Russia,61.52401,105.318756,2020-08-08,880563,14827,", Russia",145934462.0,5185,129,5239,113
,Russia,61.52401,105.318756,2020-08-09,885718,14903,", Russia",145934462.0,5155,76,5205,114
,Russia,61.52401,105.318756,2020-08-10,890799,14973,", Russia",145934462.0,5081,70,5165,112
,Russia,61.52401,105.318756,2020-08-11,895691,15103,", Russia",145934462.0,4892,130,5132,110
,Russia,61.52401,105.318756,2020-08-12,900745,15231,", Russia",145934462.0,5054,128,5113,109
,Russia,61.52401,105.318756,2020-08-13,905762,15353,", Russia",145934462.0,5017,122,5082,110
,Russia,61.52401,105.318756,2020-08-14,910778,15467,", Russia",145934462.0,5016,114,5057,109
,Russia,61.52401,105.318756,2020-08-15,915808,15585,", Russia",145934462.0,5030,118,5035,108
,Russia,61.52401,105.318756,2020-08-16,920719,15653,", Russia",145934462.0,4911,68,5000,107
,Russia,61.52401,105.318756,2020-08-17,925558,15707,", Russia",145934462.0,4839,54,4965,104
,Russia,61.52401,105.318756,2020-08-18,930276,15836,", Russia",145934462.0,4718,129,4940,104
,Russia,61.52401,105.318756,2020-08-19,935066,15951,", Russia",145934462.0,4790,115,4903,102
,Russia,61.52401,105.318756,2020-08-20,939833,16058,", Russia",145934462.0,4767,107,4867,100
,Russia,61.52401,105.318756,2020-08-21,944671,16148,", Russia",145934462.0,4838,90,4841,97
,Russia,61.52401,105.318756,2020-08-22,949531,16268,", Russia",145934462.0,4860,120,4817,97
,Russia,61.52401,105.318756,2020-08-23,954328,16341,", Russia",145934462.0,4797,73,4801,98
,Russia,61.52401,105.318756,2020-08-24,959016,16406,", Russia",145934462.0,4688,65,4779,99
,Russia,61.52401,105.318756,2020-08-25,963655,16524,", Russia",145934462.0,4639,118,4768,98
,Russia,61.52401,105.318756,2020-08-26,968297,16638,", Russia",145934462.0,4642,114,4747,98
,Russia,61.52401,105.318756,2020-08-27,972972,16758,", Russia",145934462.0,4675,120,4734,100
,Russia,61.52401,105.318756,2020-08-28,977730,16866,", Russia",145934462.0,4758,108,4722,102
,Russia,61.52401,105.318756,2020-08-29,982573,16977,", Russia",145934462.0,4843,111,4720,101
,Russia,61.52401,105.318756,2020-08-30,987470,17045,", Russia",145934462.0,4897,68,4734,100
,Russia,61.52401,105.318756,2020-08-31,992402,17128,", Russia",145934462.0,4932,83,4769,103
,Russia,61.52401,105.318756,2020-09-01,997072,17250,", Russia",145934462.0,4670,122,4773,103
,Russia,61.52401,105.318756,2020-09-02,1001965,17365,", Russia",145934462.0,4893,115,4809,103
,Russia,61.52401,105.318756,2020-09-03,1006923,17479,", Russia",145934462.0,4958,114,4850,103
,Russia,61.52401,105.318756,2020-09-04,1011987,17598,", Russia",145934462.0,5064,119,4893,104
,Russia,61.52401,105.318756,2020-09-05,1017131,17707,", Russia",145934462.0,5144,109,4936,104
,Russia,61.52401,105.318756,2020-09-06,1022228,17768,", Russia",145934462.0,5097,61,4965,103
,Russia,61.52401,105.318756,2020-09-07,1027334,17818,", Russia",145934462.0,5106,50,4990,98
,Russia,61.52401,105.318756,2020-09-08,1032354,17939,", Russia",145934462.0,5020,121,5040,98
,Russia,61.52401,105.318756,2020-09-09,1037526,18080,", Russia",145934462.0,5172,141,5080,102
,Russia,61.52401,105.318756,2020-09-10,1042836,18207,", Russia",145934462.0,5310,127,5130,104
,Russia,61.52401,105.318756,2020-09-11,1048257,18309,", Russia",145934462.0,5421,102,5181,101
,Russia,61.52401,105.318756,2020-09-12,1053663,18426,", Russia",145934462.0,5406,117,5218,102
,Russia,61.52401,105.318756,2020-09-13,1059024,18517,", Russia",145934462.0,5361,91,5256,107
,Russia,61.52401,105.318756,2020-09-14,1064438,18573,", Russia",145934462.0,5414,56,5300,107
,Russia,61.52401,105.318756,2020-09-15,1069873,18723,", Russia",145934462.0,5435,150,5359,112
,Russia,61.52401,105.318756,2020-09-16,1075485,18853,", Russia",145934462.0,5612,130,5422,110
,Russia,61.52401,105.318756,2020-09-17,1081152,18996,", Russia",145934462.0,5667,143,5473,112
,Russia,61.52401,105.318756,2020-09-18,1086955,19128,", Russia",145934462.0,5803,132,5528,117
,Russia,61.52401,105.318756,2020-09-19,1092915,19270,", Russia",145934462.0,5960,142,5607,120
,Russia,61.52401,105.318756,2020-09-20,1098958,19349,", Russia",145934462.0,6043,79,5704,118
,Russia,61.52401,105.318756,2020-09-21,1105048,19420,", Russia",145934462.0,6090,71,5801,121
,Russia,61.52401,105.318756,2020-09-22,1111157,19575,", Russia",145934462.0,6109,155,5897,121
,Russia,61.52401,105.318756,2020-09-23,1117487,19720,", Russia",145934462.0,6330,145,6000,123
,Russia,61.52401,105.318756,2020-09-24,1123976,19867,", Russia",145934462.0,6489,147,6117,124
,Russia,61.52401,105.318756,2020-09-25,1131088,19973,", Russia",145934462.0,7112,106,6304,120
,Russia,61.52401,105.318756,2020-09-26,1138509,20140,", Russia",145934462.0,7421,167,6513,124
,Russia,61.52401,105.318756,2020-09-27,1146273,20239,", Russia",145934462.0,7764,99,6759,127
,Russia,61.52401,105.318756,2020-09-28,1154299,20299,", Russia",145934462.0,8026,60,7035,125
,Russia,61.52401,105.318756,2020-09-29,1162428,20456,", Russia",145934462.0,8129,157,7324,125
,Russia,61.52401,105.318756,2020-09-30,1170799,20630,", Russia",145934462.0,8371,174,7616,130
,Russia,61.52401,105.318756,2020-10-01,1179634,20796,", Russia",145934462.0,8835,166,7951,132
,Russia,61.52401,105.318756,2020-10-02,1188928,20981,", Russia",145934462.0,9294,185,8262,144
,Russia,61.52401,105.318756,2020-10-03,1198663,21153,", Russia",145934462.0,9735,172,8593,144
,Russia,61.52401,105.318756,2020-10-04,1209039,21260,", Russia",145934462.0,10376,107,8966,145
,Russia,61.52401,105.318756,2020-10-05,1219796,21375,", Russia",145934462.0,10757,115,9356,153
,Russia,61.52401,105.318756,2020-10-06,1231277,21559,", Russia",145934462.0,11481,184,9835,157
,Russia,61.52401,105.318756,2020-10-07,1242258,21755,", Russia",145934462.0,10981,196,10208,160
,Russia,61.52401,105.318756,2020-10-08,1253603,21939,", Russia",145934462.0,11345,184,10567,163
,Russia,61.52401,105.318756,2020-10-09,1265572,22137,", Russia",145934462.0,11969,198,10949,165
,Russia,61.52401,105.318756,2020-10-10,1278245,22331,", Russia",145934462.0,12673,194,11368,168
,Russia,61.52401,105.318756,2020-10-11,1291687,22471,", Russia",145934462.0,13442,140,11806,173
,Russia,61.52401,105.318756,2020-10-12,1305093,22594,", Russia",145934462.0,13406,123,12185,174
,Russia,61.52401,105.318756,2020-10-13,1318783,22834,", Russia",145934462.0,13690,240,12500,182
,Russia,61.52401,105.318756,2020-10-14,1332824,23069,", Russia",145934462.0,14041,235,12938,187
,Russia,61.52401,105.318756,2020-10-15,1346380,23350,", Russia",145934462.0,13556,281,13253,201
,Russia,61.52401,105.318756,2020-10-16,1361317,23580,", Russia",145934462.0,14937,230,13677,206
,Russia,61.52401,105.318756,2020-10-17,1376020,23857,", Russia",145934462.0,14703,277,13967,218
,Russia,61.52401,105.318756,2020-10-18,1390824,24039,", Russia",145934462.0,14804,182,14162,224
,Russia,61.52401,105.318756,2020-10-19,1406667,24205,", Russia",145934462.0,15843,166,14510,230
,Russia,61.52401,105.318756,2020-10-20,1422775,24473,", Russia",145934462.0,16108,268,14856,234
,Russia,61.52401,105.318756,2020-10-21,1438219,24786,", Russia",145934462.0,15444,313,15056,245
,Russia,61.52401,105.318756,2020-10-22,1453923,25072,", Russia",145934462.0,15704,286,15363,246
,Russia,61.52401,105.318756,2020-10-23,1471000,25353,", Russia",145934462.0,17077,281,15669,253
,Russia,61.52401,105.318756,2020-10-24,1487260,25647,", Russia",145934462.0,16260,294,15891,255
,Russia,61.52401,105.318756,2020-10-25,1503652,25875,", Russia",145934462.0,16392,228,16118,262
,Russia,61.52401,105.318756,2020-10-26,1520800,26092,", Russia",145934462.0,17148,217,16304,269
,Russia,61.52401,105.318756,2020-10-27,1537142,26409,", Russia",145934462.0,16342,317,16338,276
,Russia,61.52401,105.318756,2020-10-28,1553028,26752,", Russia",145934462.0,15886,343,16401,280
,Russia,61.52401,105.318756,2020-10-29,1570446,27111,", Russia",145934462.0,17418,359,16646,291
,Russia,61.52401,105.318756,2020-10-30,1588433,27462,", Russia",145934462.0,17987,351,16776,301
,Russia,61.52401,105.318756,2020-10-31,1606267,27787,", Russia",145934462.0,17834,325,17001,305
,Russia,61.52401,105.318756,2020-11-01,1624648,28026,", Russia",145934462.0,18381,239,17285,307
,Russia,61.52401,105.318756,2020-11-02,1642665,28264,", Russia",145934462.0,18017,238,17409,310
,Russia,61.52401,105.318756,2020-11-03,1661096,28611,", Russia",145934462.0,18431,347,17707,314
,Russia,61.52401,105.318756,2020-11-04,1680579,28996,", Russia",145934462.0,19483,385,18221,320
,Russia,61.52401,105.318756,2020-11-05,1699695,29285,", Russia",145934462.0,19116,289,18464,310
,Russia,61.52401,105.318756,2020-11-06,1720063,29654,", Russia",145934462.0,20368,369,18804,313
,Russia,61.52401,105.318756,2020-11-07,1740172,30010,", Russia",145934462.0,20109,356,19129,317
,Russia,61.52401,105.318756,2020-11-08,1760420,30292,", Russia",145934462.0,20248,282,19396,323
,Russia,61.52401,105.318756,2020-11-09,1781997,30546,", Russia",145934462.0,21577,254,19904,326
,Russia,61.52401,105.318756,2020-11-10,1802762,30899,", Russia",145934462.0,20765,353,20238,326
,Russia,61.52401,105.318756,2020-11-11,1822345,31326,", Russia",145934462.0,19583,427,20252,332
,Russia,61.52401,105.318756,2020-11-12,1843678,31755,", Russia",145934462.0,21333,429,20569,352
,Russia,61.52401,105.318756,2020-11-13,1865395,32156,", Russia",145934462.0,21717,401,20761,357
,Russia,61.52401,105.318756,2020-11-14,1887836,32536,", Russia",145934462.0,22441,380,21094,360
,Russia,61.52401,105.318756,2020-11-15,1910149,32885,", Russia",145934462.0,22313,349,21389,370
,Russia,61.52401,105.318756,2020-11-16,1932711,33184,", Russia",145934462.0,22562,299,21530,376
,Russia,61.52401,105.318756,2020-11-17,1954912,33619,", Russia",145934462.0,22201,435,21735,388
,Russia,61.52401,105.318756,2020-11-18,1975629,34068,", Russia",145934462.0,20717,449,21897,391
,Russia,61.52401,105.318756,2020-11-19,1998966,34525,", Russia",145934462.0,23337,457,22184,395
,Russia,61.52401,105.318756,2020-11-20,2023025,34980,", Russia",145934462.0,24059,455,22518,403
,Russia,61.52401,105.318756,2020-11-21,2047563,35442,", Russia",145934462.0,24538,462,22818,415
,Russia,61.52401,105.318756,2020-11-22,2071858,35838,", Russia",145934462.0,24295,396,23101,421
,Russia,61.52401,105.318756,2020-11-23,2096749,36192,", Russia",145934462.0,24891,354,23434,429
,Russia,61.52401,105.318756,2020-11-24,2120836,36675,", Russia",145934462.0,24087,483,23703,436
,Russia,61.52401,105.318756,2020-11-25,2144229,37173,", Russia",145934462.0,23393,498,24085,443
,Russia,61.52401,105.318756,2020-11-26,2169424,37688,", Russia",145934462.0,25195,515,24351,451
,Russia,61.52401,105.318756,2020-11-27,2196691,38175,", Russia",145934462.0,27267,487,24809,456
,Russia,61.52401,105.318756,2020-11-28,2223500,38676,", Russia",145934462.0,26809,501,25133,462
,Russia,61.52401,105.318756,2020-11-29,2249890,39127,", Russia",145934462.0,26390,451,25433,469
,Russia,61.52401,105.318756,2020-11-30,2275936,39491,", Russia",145934462.0,26046,364,25598,471
,Russia,61.52401,105.318756,2020-12-01,2302062,40050,", Russia",145934462.0,26126,559,25889,482
,Russia,61.52401,105.318756,2020-12-02,2327105,40630,", Russia",145934462.0,25043,580,26125,493
,Russia,61.52401,105.318756,2020-12-03,2354934,41173,", Russia",145934462.0,27829,543,26501,497
,Russia,61.52401,105.318756,2020-12-04,2382012,41730,", Russia",145934462.0,27078,557,26474,507
,Russia,61.52401,105.318756,2020-12-05,2410462,42228,", Russia",145934462.0,28450,498,26708,507
,Russia,61.52401,105.318756,2020-12-06,2439163,42675,", Russia",145934462.0,28701,447,27039,506
,Russia,61.52401,105.318756,2020-12-07,2466961,43122,", Russia",145934462.0,27798,447,27289,518
,Russia,61.52401,105.318756,2020-12-08,2492713,43674,", Russia",145934462.0,25752,552,27235,517
,Russia,61.52401,105.318756,2020-12-09,2518551,44220,", Russia",145934462.0,25838,546,27349,512
,Russia,61.52401,105.318756,2020-12-10,2546113,44769,", Russia",145934462.0,27562,549,27311,513
,Russia,61.52401,105.318756,2020-12-11,2574319,45370,", Russia",145934462.0,28206,601,27472,520
,Russia,61.52401,105.318756,2020-12-12,2602048,45923,", Russia",145934462.0,27729,553,27369,527
,Russia,61.52401,105.318756,2020-12-13,2629699,46404,", Russia",145934462.0,27651,481,27219,532
,Russia,61.52401,105.318756,2020-12-14,2656601,46846,", Russia",145934462.0,26902,442,27091,532
,Russia,61.52401,105.318756,2020-12-15,2682866,47410,", Russia",145934462.0,26265,564,27164,533
,Russia,61.52401,105.318756,2020-12-16,2708940,47994,", Russia",145934462.0,26074,584,27198,539
,Russia,61.52401,105.318756,2020-12-17,2736727,48568,", Russia",145934462.0,27787,574,27230,542
,Russia,61.52401,105.318756,2020-12-18,2764843,49170,", Russia",145934462.0,28116,602,27217,542
,Russia,61.52401,105.318756,2020-12-19,2792615,49744,", Russia",145934462.0,27772,574,27223,545
,Russia,61.52401,105.318756,2020-12-20,2821125,50242,", Russia",145934462.0,28510,498,27346,548
,Russia,61.52401,105.318756,2020-12-21,2850042,50723,", Russia",145934462.0,28917,481,27634,553
,Russia,61.52401,105.318756,2020-12-22,2878382,51274,", Russia",145934462.0,28340,551,27930,552
,Russia,61.52401,105.318756,2020-12-23,2905196,51810,", Russia",145934462.0,26814,536,28036,545
,Russia,61.52401,105.318756,2020-12-24,2934695,52434,", Russia",145934462.0,29499,624,28281,552
,Russia,61.52401,105.318756,2020-12-25,2963290,52985,", Russia",145934462.0,28595,551,28349,545
,Russia,61.52401,105.318756,2020-12-26,2992123,53539,", Russia",145934462.0,28833,554,28501,542
,Russia,61.52401,105.318756,2020-12-27,3019972,54080,", Russia",145934462.0,27849,541,28406,548
,Russia,61.52401,105.318756,2020-12-28,3047335,54559,", Russia",145934462.0,27363,479,28184,548
,Russia,61.52401,105.318756,2020-12-29,3073923,55107,", Russia",145934462.0,26588,548,27934,547
,Russia,61.52401,105.318756,2020-12-30,3100018,55692,", Russia",145934462.0,26095,585,27831,554
,Russia,61.52401,105.318756,2020-12-31,3127347,56271,", Russia",145934462.0,27329,579,27521,548
,Russia,61.52401,105.318756,2021-01-01,3153960,56798,", Russia",145934462.0,26613,527,27238,544
,Russia,61.52401,105.318756,2021-01-02,3179898,57235,", Russia",145934462.0,25938,437,26825,528
,Russia,61.52401,105.318756,2021-01-03,3203743,57730,", Russia",145934462.0,23845,495,26253,521
,Russia,61.52401,105.318756,2021-01-04,3226758,58203,", Russia",145934462.0,23015,473,25631,520
,Russia,61.52401,105.318756,2021-01-05,3250713,58706,", Russia",145934462.0,23955,503,25255,514
,Russia,61.52401,105.318756,2021-01-06,3274615,59137,", Russia",145934462.0,23902,431,24942,492
,Russia,61.52401,105.318756,2021-01-07,3297833,59628,", Russia",145934462.0,23218,491,24355,479
,Russia,61.52401,105.318756,2021-01-08,3321163,60067,", Russia",145934462.0,23330,439,23886,467
,Russia,61.52401,105.318756,2021-01-09,3344175,60523,", Russia",145934462.0,23012,456,23468,469
,Russia,61.52401,105.318756,2021-01-10,3366715,60963,", Russia",145934462.0,22540,440,23281,461
,Russia,61.52401,105.318756,2021-01-11,3389733,61389,", Russia",145934462.0,23018,426,23282,455
,Russia,61.52401,105.318756,2021-01-12,3412390,61908,", Russia",145934462.0,22657,519,23096,457
,Russia,61.52401,105.318756,2021-01-13,3434934,62463,", Russia",145934462.0,22544,555,22902,475
,Russia,61.52401,105.318756,2021-01-14,3459237,63016,", Russia",145934462.0,24303,553,23057,484
,Russia,61.52401,105.318756,2021-01-15,3483531,63558,", Russia",145934462.0,24294,542,23195,498
,Russia,61.52401,105.318756,2021-01-16,3507201,64134,", Russia",145934462.0,23670,576,23289,515
,Russia,61.52401,105.318756,2021-01-17,3530379,64601,", Russia",145934462.0,23178,467,23380,519
,Russia,61.52401,105.318756,2021-01-18,3552888,65059,", Russia",145934462.0,22509,458,23307,524
,Russia,61.52401,105.318756,2021-01-19,3574330,65632,", Russia",145934462.0,21442,573,23134,532
,Russia,61.52401,105.318756,2021-01-20,3595136,66214,", Russia",145934462.0,20806,582,22886,535
,Russia,61.52401,105.318756,2021-01-21,3616680,66810,", Russia",145934462.0,21544,596,22491,542
,Russia,61.52401,105.318756,2021-01-22,3637862,67376,", Russia",145934462.0,21182,566,22047,545
,Russia,61.52401,105.318756,2021-01-23,3658447,67919,", Russia",145934462.0,20585,543,21606,540
,Russia,61.52401,105.318756,2021-01-24,3679247,68397,", Russia",145934462.0,20800,478,21266,542
,Russia,61.52401,105.318756,2021-01-25,3698246,68841,", Russia",145934462.0,18999,444,20765,540
,Russia,61.52401,105.318756,2021-01-26,3716228,69391,", Russia",145934462.0,17982,550,20271,537
,Russia,61.52401,105.318756,2021-01-27,3733692,69971,", Russia",145934462.0,17464,580,19793,536
,Russia,61.52401,105.318756,2021-01-28,3752548,70533,", Russia",145934462.0,18856,562,19409,531
,Russia,61.52401,105.318756,2021-01-29,3771514,71054,", Russia",145934462.0,18966,521,19093,525
,Russia,61.52401,105.318756,2021-01-30,3790265,71556,", Russia",145934462.0,18751,502,18831,519
,Russia,61.52401,105.318756,2021-01-31,3808348,72029,", Russia",145934462.0,18083,473,18443,518
,Russia,61.52401,105.318756,2021-02-01,3825739,72456,", Russia",145934462.0,17391,427,18213,516
,Russia,61.52401,105.318756,2021-02-02,3842145,72982,", Russia",145934462.0,16406,526,17988,513
,Russia,61.52401,105.318756,2021-02-03,3858367,73497,", Russia",145934462.0,16222,515,17810,503
,Russia,61.52401,105.318756,2021-02-04,3874830,74005,", Russia",145934462.0,16463,508,17468,496
,Russia,61.52401,105.318756,2021-02-05,3891274,74520,", Russia",145934462.0,16444,515,17108,495
,Russia,61.52401,105.318756,2021-02-06,3907653,75010,", Russia",145934462.0,16379,490,16769,493
,Russia,61.52401,105.318756,2021-02-07,3923461,75430,", Russia",145934462.0,15808,420,16444,485
,Russia,61.52401,105.318756,2021-02-08,3939162,75828,", Russia",145934462.0,15701,398,16203,481
,Russia,61.52401,105.318756,2021-02-09,3953970,76347,", Russia",145934462.0,14808,519,15975,480
,Russia,61.52401,105.318756,2021-02-10,3968228,76873,", Russia",145934462.0,14258,526,15694,482
,Russia,61.52401,105.318756,2021-02-11,3983031,77415,", Russia",145934462.0,14803,542,15457,487
,Russia,61.52401,105.318756,2021-02-12,3997898,77911,", Russia",145934462.0,14867,496,15232,484
,Russia,61.52401,105.318756,2021-02-13,4012538,78403,", Russia",145934462.0,14640,492,14983,484
,Russia,61.52401,105.318756,2021-02-14,4026506,78825,", Russia",145934462.0,13968,422,14720,485
,Russia,61.52401,105.318756,2021-02-15,4040505,79210,", Russia",145934462.0,13999,385,14477,483
,Russia,61.52401,105.318756,2021-02-16,4053535,79659,", Russia",145934462.0,13030,449,14223,473
,Russia,61.52401,105.318756,2021-02-17,4066164,80118,", Russia",145934462.0,12629,459,13990,463
,Russia,61.52401,105.318756,2021-02-18,4079407,80587,", Russia",145934462.0,13243,469,13768,453
,Russia,61.52401,105.318756,2021-02-19,4092649,81048,", Russia",145934462.0,13242,461,13535,448
,Russia,61.52401,105.318756,2021-02-20,4105424,81517,", Russia",145934462.0,12775,469,13269,444
,Russia,61.52401,105.318756,2021-02-21,4117992,81926,", Russia",145934462.0,12568,409,13069,443
,Russia,61.52401,105.318756,2021-02-22,4130447,82255,", Russia",145934462.0,12455,329,12848,435
,Russia,61.52401,105.318756,2021-02-23,4142126,82666,", Russia",145934462.0,11679,411,12655,429
,Russia,61.52401,105.318756,2021-02-24,4153735,83044,", Russia",145934462.0,11609,378,12510,418
,Russia,61.52401,105.318756,2021-02-25,4164802,83481,", Russia",145934462.0,11067,437,12199,413
,Russia,61.52401,105.318756,2021-02-26,4175757,83900,", Russia",145934462.0,10955,419,11872,407
,Russia,61.52401,105.318756,2021-02-27,4187166,84330,", Russia",145934462.0,11409,430,11677,401
,Russia,61.52401,105.318756,2021-02-28,4198400,84700,", Russia",145934462.0,11234,370,11486,396
,Russia,61.52401,105.318756,2021-03-01,4209850,85025,", Russia",145934462.0,11450,325,11343,395
,Russia,61.52401,105.318756,2021-03-02,4220291,85458,", Russia",145934462.0,10441,433,11166,398
,Russia,61.52401,105.318756,2021-03-03,4230707,85901,", Russia",145934462.0,10416,443,10996,408
,Russia,61.52401,105.318756,2021-03-04,4241970,86368,", Russia",145934462.0,11263,467,11024,412
,Russia,61.52401,105.318756,2021-03-05,4252876,86821,", Russia",145934462.0,10906,453,11017,417
,Russia,61.52401,105.318756,2021-03-06,4263785,87253,", Russia",145934462.0,10909,432,10945,417
,Russia,61.52401,105.318756,2021-03-07,4274263,87614,", Russia",145934462.0,10478,361,10837,416
,Russia,61.52401,105.318756,2021-03-08,4284408,87985,", Russia",145934462.0,10145,371,10651,422
,Russia,61.52401,105.318756,2021-03-09,4293750,88315,", Russia",145934462.0,9342,330,10494,408
,Russia,61.52401,105.318756,2021-03-10,4302726,88773,", Russia",145934462.0,8976,458,10288,410
,Russia,61.52401,105.318756,2021-03-11,4311893,89224,", Russia",145934462.0,9167,451,9989,408
,Russia,61.52401,105.318756,2021-03-12,4321588,89701,", Russia",145934462.0,9695,477,9816,411
,Russia,61.52401,105.318756,2021-03-13,4331396,90169,", Russia",145934462.0,9808,468,9658,416
,Russia,61.52401,105.318756,2021-03-14,4341381,90558,", Russia",145934462.0,9985,389,9588,420
,Russia,61.52401,105.318756,2021-03-15,4350728,90958,", Russia",145934462.0,9347,400,9474,424
,Russia,61.52401,105.318756,2021-03-16,4360033,91395,", Russia",145934462.0,9305,437,9469,440
,Russia,61.52401,105.318756,2021-03-17,4368943,91815,", Russia",145934462.0,8910,420,9459,434
,Russia,61.52401,105.318756,2021-03-18,4378656,92266,", Russia",145934462.0,9713,451,9537,434
,Russia,61.52401,105.318756,2021-03-19,4388268,92704,", Russia",145934462.0,9612,438,9525,429
,Russia,61.52401,105.318756,2021-03-20,4397816,93090,", Russia",145934462.0,9548,386,9488,417
,Russia,61.52401,105.318756,2021-03-21,4407031,93457,", Russia",145934462.0,9215,367,9378,414
,Russia,61.52401,105.318756,2021-03-22,4416226,93812,", Russia",145934462.0,9195,355,9356,407
,Russia,61.52401,105.318756,2021-03-23,4424595,94231,", Russia",145934462.0,8369,419,9223,405
,Russia,61.52401,105.318756,2021-03-24,4433364,94624,", Russia",145934462.0,8769,393,9203,401
,Russia,61.52401,105.318756,2021-03-25,4442492,95010,", Russia",145934462.0,9128,386,9119,392
,Russia,61.52401,105.318756,2021-03-26,4451565,95410,", Russia",145934462.0,9073,400,9042,386
,Russia,61.52401,105.318756,2021-03-27,4460348,95792,", Russia",145934462.0,8783,382,8933,386
,Russia,61.52401,105.318756,2021-03-28,4469327,96123,", Russia",145934462.0,8979,331,8899,380
,Russia,61.52401,105.318756,2021-03-29,4477916,96413,", Russia",145934462.0,8589,290,8812,371
,Russia,61.52401,105.318756,2021-03-30,4486078,96817,", Russia",145934462.0,8162,404,8783,369
,Russia,61.52401,105.318756,2021-03-31,4494234,97219,", Russia",145934462.0,8156,402,8695,370
,Russia,61.52401,105.318756,2021-04-01,4503291,97594,", Russia",145934462.0,9057,375,8685,369
,Russia,61.52401,105.318756,2021-04-02,4511973,97986,", Russia",145934462.0,8682,392,8629,368
,Russia,61.52401,105.318756,2021-04-03,4520879,98363,", Russia",145934462.0,8906,377,8647,367
,Russia,61.52401,105.318756,2021-04-04,4529576,98713,", Russia",145934462.0,8697,350,8607,370
,Russia,61.52401,105.318756,2021-04-05,4538101,99049,", Russia",145934462.0,8525,336,8597,376
,Russia,61.52401,105.318756,2021-04-06,4546307,99431,", Russia",145934462.0,8206,382,8604,373
,Russia,61.52401,105.318756,2021-04-07,4554481,99800,", Russia",145934462.0,8174,369,8606,368
,Russia,61.52401,105.318756,2021-04-08,4563026,100158,", Russia",145934462.0,8545,358,8533,366
,Russia,61.52401,105.318756,2021-04-09,4572053,100554,", Russia",145934462.0,9027,396,8582,366
,Russia,61.52401,105.318756,2021-04-10,4580633,100949,", Russia",145934462.0,8580,395,8536,369
,Russia,61.52401,105.318756,2021-04-11,4589209,101282,", Russia",145934462.0,8576,333,8519,367
,Russia,61.52401,105.318756,2021-04-12,4597400,101552,", Russia",145934462.0,8191,270,8471,357
,Russia,61.52401,105.318756,2021-04-13,4605444,101882,", Russia",145934462.0,8044,330,8448,350
,Russia,61.52401,105.318756,2021-04-14,4613646,102275,", Russia",145934462.0,8202,393,8452,353
,Russia,61.52401,105.318756,2021-04-15,4622464,102667,", Russia",145934462.0,8818,392,8491,358
,Russia,61.52401,105.318756,2021-04-16,4631336,103059,", Russia",145934462.0,8872,392,8469,357
,Russia,61.52401,105.318756,2021-04-17,4640537,103451,", Russia",145934462.0,9201,392,8557,357
,Russia,61.52401,105.318756,2021-04-18,4649044,103834,", Russia",145934462.0,8507,383,8547,364
,Russia,61.52401,105.318756,2021-04-19,4657509,104173,", Russia",145934462.0,8465,339,8587,374
,Russia,61.52401,105.318756,2021-04-20,4665553,104545,", Russia",145934462.0,8044,372,8587,380
,Russia,61.52401,105.318756,2021-04-21,4673699,104937,", Russia",145934462.0,8146,392,8579,380
,Russia,61.52401,105.318756,2021-04-22,4682573,105328,", Russia",145934462.0,8874,391,8587,380
,Russia,61.52401,105.318756,2021-04-23,4691290,105718,", Russia",145934462.0,8717,390,8564,379
,Russia,61.52401,105.318756,2021-04-24,4699988,106108,", Russia",145934462.0,8698,390,8493,379
,Russia,61.52401,105.318756,2021-04-25,4708640,106434,", Russia",145934462.0,8652,326,8513,371
,Russia,61.52401,105.318756,2021-04-26,4717321,106783,", Russia",145934462.0,8681,349,8544,372
,Russia,61.52401,105.318756,2021-04-27,4725252,107167,", Russia",145934462.0,7931,384,8528,374
,Russia,61.52401,105.318756,2021-04-28,4732981,107547,", Russia",145934462.0,7729,380,8468,372
,Russia,61.52401,105.318756,2021-04-29,4742142,107902,", Russia",145934462.0,9161,355,8509,367
,Russia,61.52401,105.318756,2021-04-30,4750755,108290,", Russia",145934462.0,8613,388,8495,367
,Russia,61.52401,105.318756,2021-05-01,4759902,108675,", Russia",145934462.0,9147,385,8559,366
,Russia,61.52401,105.318756,2021-05-02,4768476,109011,", Russia",145934462.0,8574,336,8548,368
,Russia,61.52401,105.318756,2021-05-03,4776844,109341,", Russia",145934462.0,8368,330,8503,365
,Russia,61.52401,105.318756,2021-05-04,4784497,109670,", Russia",145934462.0,7653,329,8463,357
,Russia,61.52401,105.318756,2021-05-05,4792354,110022,", Russia",145934462.0,7857,352,8481,353
,Russia,61.52401,105.318756,2021-05-06,4799872,110366,", Russia",145934462.0,7518,344,8247,352
,Russia,61.52401,105.318756,2021-05-07,4808133,110735,", Russia",145934462.0,8261,369,8196,349
,Russia,61.52401,105.318756,2021-05-08,4816331,111097,", Russia",145934462.0,8198,362,8061,346
,Russia,61.52401,105.318756,2021-05-09,4824621,111425,", Russia",145934462.0,8290,328,8020,344
,Russia,61.52401,105.318756,2021-05-10,4832959,111740,", Russia",145934462.0,8338,315,8016,342
,Russia,61.52401,105.318756,2021-05-11,4840948,112063,", Russia",145934462.0,7989,323,8064,341
,Russia,61.52401,105.318756,2021-05-12,4849044,112410,", Russia",145934462.0,8096,347,8098,341
,Russia,61.52401,105.318756,2021-05-13,4857303,112795,", Russia",145934462.0,8259,385,8204,347
,Russia,61.52401,105.318756,2021-05-14,4866641,113182,", Russia",145934462.0,9338,387,8358,349
,Russia,61.52401,105.318756,2021-05-15,4875308,113541,", Russia",145934462.0,8667,359,8425,349
,Russia,61.52401,105.318756,2021-05-16,4883734,113927,", Russia",145934462.0,8426,386,8444,357
,Russia,61.52401,105.318756,2021-05-17,4892938,114263,", Russia",145934462.0,9204,336,8568,360
,Russia,61.52401,105.318756,2021-05-18,4900995,114619,", Russia",145934462.0,8057,356,8578,365
,Russia,61.52401,105.318756,2021-05-19,4908794,115003,", Russia",145934462.0,7799,384,8535,370
,Russia,61.52401,105.318756,2021-05-20,4917906,115393,", Russia",145934462.0,9112,390,8657,371
,Russia,61.52401,105.318756,2021-05-21,4926717,115764,", Russia",145934462.0,8811,371,8582,368
,Russia,61.52401,105.318756,2021-05-22,4935302,116144,", Russia",145934462.0,8585,380,8570,371
,Russia,61.52401,105.318756,2021-05-23,4944129,116497,", Russia",145934462.0,8827,353,8627,367
,Russia,61.52401,105.318756,2021-05-24,4952412,116812,", Russia",145934462.0,8283,315,8496,364
,Russia,61.52401,105.318756,2021-05-25,4960174,117197,", Russia",145934462.0,7762,385,8454,368
,Russia,61.52401,105.318756,2021-05-26,4968421,117595,", Russia",145934462.0,8247,398,8518,370
,Russia,61.52401,105.318756,2021-05-27,4977332,117990,", Russia",145934462.0,8911,395,8489,371
,Russia,61.52401,105.318756,2021-05-28,4986458,118386,", Russia",145934462.0,9126,396,8534,374
,Russia,61.52401,105.318756,2021-05-29,4995613,118781,", Russia",145934462.0,9155,395,8615,376
,Russia,61.52401,105.318756,2021-05-30,5005171,119130,", Russia",145934462.0,9558,349,8720,376
,Russia,61.52401,105.318756,2021-05-31,5013512,119464,", Russia",145934462.0,8341,334,8728,378
,Russia,61.52401,105.318756,2021-06-01,5022881,119830,", Russia",145934462.0,9369,366,8958,376
,Russia,61.52401,105.318756,2021-06-02,5031583,120217,", Russia",145934462.0,8702,387,9023,374
,Russia,61.52401,105.318756,2021-06-03,5040390,120604,", Russia",145934462.0,8807,387,9008,373
,Russia,61.52401,105.318756,2021-06-04,5049210,120974,", Russia",145934462.0,8820,370,8964,369
,Russia,61.52401,105.318756,2021-06-05,5058221,121365,", Russia",145934462.0,9011,391,8944,369
,Russia,61.52401,105.318756,2021-06-06,5067246,121711,", Russia",145934462.0,9025,346,8867,368
,Russia,61.52401,105.318756,2021-06-07,5076543,122037,", Russia",145934462.0,9297,326,9004,367
,Russia,61.52401,105.318756,2021-06-08,5086386,122409,", Russia",145934462.0,9843,372,9072,368
,Russia,61.52401,105.318756,2021-06-09,5096657,122802,", Russia",145934462.0,10271,393,9296,369
,Russia,61.52401,105.318756,2021-06-10,5108217,123178,", Russia",145934462.0,11560,376,9689,367
,Russia,61.52401,105.318756,2021-06-11,5120578,123568,", Russia",145934462.0,12361,390,10195,370
,Russia,61.52401,105.318756,2021-06-12,5133938,123961,", Russia",145934462.0,13360,393,10816,370
,Russia,61.52401,105.318756,2021-06-13,5148499,124314,", Russia",145934462.0,14561,353,11607,371
,Russia,61.52401,105.318756,2021-06-14,5162049,124681,", Russia",145934462.0,13550,367,12215,377
,Russia,61.52401,105.318756,2021-06-15,5176051,125055,", Russia",145934462.0,14002,374,12809,378
,Russia,61.52401,105.318756,2021-06-16,5189260,125443,", Russia",145934462.0,13209,388,13229,377
,Russia,61.52401,105.318756,2021-06-17,5203117,125853,", Russia",145934462.0,13857,410,13557,382
,Russia,61.52401,105.318756,2021-06-18,5220168,126300,", Russia",145934462.0,17051,447,14227,390
,Russia,61.52401,105.318756,2021-06-19,5237847,126761,", Russia",145934462.0,17679,461,14844,400
,Russia,61.52401,105.318756,2021-06-20,5255214,127206,", Russia",145934462.0,17367,445,15245,413
,Russia,61.52401,105.318756,2021-06-21,5272328,127641,", Russia",145934462.0,17114,435,15754,422
,Russia,61.52401,105.318756,2021-06-22,5288766,128180,", Russia",145934462.0,16438,539,16102,446
,Russia,61.52401,105.318756,2021-06-23,5306069,128719,", Russia",145934462.0,17303,539,16687,468
,Russia,61.52401,105.318756,2021-06-24,5325940,129278,", Russia",145934462.0,19871,559,17546,489
,Russia,61.52401,105.318756,2021-06-25,5346005,129869,", Russia",145934462.0,20065,591,17976,509
,Russia,61.52401,105.318756,2021-06-26,5367317,130479,", Russia",145934462.0,21312,610,18495,531
,Russia,61.52401,105.318756,2021-06-27,5387486,131070,", Russia",145934462.0,20169,591,18896,552
,Russia,61.52401,105.318756,2021-06-28,5408744,131671,", Russia",145934462.0,21258,601,19488,575
,Russia,61.52401,105.318756,2021-06-29,5428961,132314,", Russia",145934462.0,20217,643,20027,590
,Russia,61.52401,105.318756,2021-06-30,5449594,132973,", Russia",145934462.0,20633,659,20503,607
,Russia,61.52401,105.318756,2021-07-01,5472722,133633,", Russia",145934462.0,23128,660,20968,622
,Russia,61.52401,105.318756,2021-07-02,5495513,134302,", Russia",145934462.0,22791,669,21358,633
,Russia,61.52401,105.318756,2021-07-03,5519516,134987,", Russia",145934462.0,24003,685,21742,644
,Russia,61.52401,105.318756,2021-07-04,5544209,135637,", Russia",145934462.0,24693,650,22389,652
,Russia,61.52401,105.318756,2021-07-05,5568104,136279,", Russia",145934462.0,23895,642,22765,658
,Russia,61.52401,105.318756,2021-07-06,5591030,137005,", Russia",145934462.0,22926,726,23152,670
,Russia,61.52401,105.318756,2021-07-07,5614540,137718,", Russia",145934462.0,23510,713,23563,677
,Russia,61.52401,105.318756,2021-07-08,5638901,138441,", Russia",145934462.0,24361,723,23739,686
,Russia,61.52401,105.318756,2021-07-09,5664200,139156,", Russia",145934462.0,25299,715,24098,693
,Russia,61.52401,105.318756,2021-07-10,5688807,139896,", Russia",145934462.0,24607,740,24184,701
,Russia,61.52401,105.318756,2021-07-11,5713351,140635,", Russia",145934462.0,24544,739,24163,714
,Russia,61.52401,105.318756,2021-07-12,5738000,141335,", Russia",145934462.0,24649,700,24270,722
,Russia,61.52401,105.318756,2021-07-13,5762211,142102,", Russia",145934462.0,24211,767,24454,728
,Russia,61.52401,105.318756,2021-07-14,5785542,142877,", Russia",145934462.0,23331,775,24428,737
,Russia,61.52401,105.318756,2021-07-15,5810335,143657,", Russia",145934462.0,24793,780,24490,745
,Russia,61.52401,105.318756,2021-07-16,5835523,144446,", Russia",145934462.0,25188,789,24474,755
,Russia,61.52401,105.318756,2021-07-17,5860113,145222,", Russia",145934462.0,24590,776,24472,760
,Russia,61.52401,105.318756,2021-07-18,5884593,145975,", Russia",145934462.0,24480,753,24463,762
,Russia,61.52401,105.318756,2021-07-19,5908691,146686,", Russia",145934462.0,24098,711,24384,764
,Russia,61.52401,105.318756,2021-07-20,5931925,147457,", Russia",145934462.0,23234,771,24244,765
,Russia,61.52401,105.318756,2021-07-21,5955089,148229,", Russia",145934462.0,23164,772,24221,764
,Russia,61.52401,105.318756,2021-07-22,5979027,149012,", Russia",145934462.0,23938,783,24098,765
,Russia,61.52401,105.318756,2021-07-23,6002303,149796,", Russia",145934462.0,23276,784,23825,764
,Russia,61.52401,105.318756,2021-07-24,6025698,150583,", Russia",145934462.0,23395,787,23655,765
,Russia,61.52401,105.318756,2021-07-25,6049215,151352,", Russia",145934462.0,23517,769,23517,768
,Russia,61.52401,105.318756,2021-07-26,6071893,152069,", Russia",145934462.0,22678,717,23314,769
,Russia,61.52401,105.318756,2021-07-27,6094379,152836,", Russia",145934462.0,22486,767,23207,768
,Russia,61.52401,105.318756,2021-07-28,6116249,153620,", Russia",145934462.0,21870,784,23022,770
,Russia,61.52401,105.318756,2021-07-29,6138969,154404,", Russia",145934462.0,22720,784,22848,770
,Russia,61.52401,105.318756,2021-07-30,6161985,155180,", Russia",145934462.0,23016,776,22811,769
,Russia,61.52401,105.318756,2021-07-31,6185249,155952,", Russia",145934462.0,23264,772,22793,767
,Russia,61.52401,105.318756,2021-08-01,6207513,156726,", Russia",145934462.0,22264,774,22614,767
,Russia,61.52401,105.318756,2021-08-02,6230482,157496,", Russia",145934462.0,22969,770,22655,775
,Russia,61.52401,105.318756,2021-08-03,6251953,158263,", Russia",145934462.0,21471,767,22510,775
,Russia,61.52401,105.318756,2021-08-04,6274006,159032,", Russia",145934462.0,22053,769,22536,773
,Russia,61.52401,105.318756,2021-08-05,6296570,159803,", Russia",145934462.0,22564,771,22514,771
,Russia,61.52401,105.318756,2021-08-06,6318643,160574,", Russia",145934462.0,22073,771,22379,770
,Russia,61.52401,105.318756,2021-08-07,6340370,161343,", Russia",145934462.0,21727,769,22160,770
,Russia,61.52401,105.318756,2021-08-08,6362641,162109,", Russia",145934462.0,22271,766,22161,769
,Russia,61.52401,105.318756,2021-08-09,6384195,162860,", Russia",145934462.0,21554,751,21959,766
,Russia,61.52401,105.318756,2021-08-10,6404960,163629,", Russia",145934462.0,20765,769,21858,766
,Russia,61.52401,105.318756,2021-08-11,6425918,164413,", Russia",145934462.0,20958,784,21701,768
,Russia,61.52401,105.318756,2021-08-12,6447229,165201,", Russia",145934462.0,21311,788,21522,771
,Russia,61.52401,105.318756,2021-08-13,6468890,165996,", Russia",145934462.0,21661,795,21463,774
,Russia,61.52401,105.318756,2021-08-14,6490421,166795,", Russia",145934462.0,21531,799,21435,778
,Russia,61.52401,105.318756,2021-08-15,6511431,167595,", Russia",145934462.0,21010,800,21255,783
,Russia,61.52401,105.318756,2021-08-16,6531585,168384,", Russia",145934462.0,20154,789,21055,789
,Russia,61.52401,105.318756,2021-08-17,6551934,169169,", Russia",145934462.0,20349,785,20996,791
,Russia,61.52401,105.318756,2021-08-18,6572246,169948,", Russia",145934462.0,20312,779,20904,790
,Russia,61.52401,105.318756,2021-08-19,6592705,170716,", Russia",145934462.0,20459,768,20782,787
,Russia,61.52401,105.318756,2021-08-20,6613107,171480,", Russia",145934462.0,20402,764,20602,783
,Russia,61.52401,105.318756,2021-08-21,6633521,172257,", Russia",145934462.0,20414,777,20442,780
,Russia,61.52401,105.318756,2021-08-22,6653498,173003,", Russia",145934462.0,19977,746,20295,772
,Russia,61.52401,105.318756,2021-08-23,6672373,173768,", Russia",145934462.0,18875,765,20112,769
,Russia,61.52401,105.318756,2021-08-24,6690633,174542,", Russia",145934462.0,18260,774,19814,767
,Russia,61.52401,105.318756,2021-08-25,6709605,175328,", Russia",145934462.0,18972,786,19622,768
,Russia,61.52401,105.318756,2021-08-26,6728699,176127,", Russia",145934462.0,19094,799,19427,773
,Russia,61.52401,105.318756,2021-08-27,6747681,176904,", Russia",145934462.0,18982,777,19224,774
,Russia,61.52401,105.318756,2021-08-28,6766667,177679,", Russia",145934462.0,18986,775,19020,774
,Russia,61.52401,105.318756,2021-08-29,6785465,178457,", Russia",145934462.0,18798,778,18852,779
,Russia,61.52401,105.318756,2021-08-30,6803323,179233,", Russia",145934462.0,17858,776,18707,780
,Russia,61.52401,105.318756,2021-08-31,6820697,180009,", Russia",145934462.0,17374,776,18580,781
,Russia,61.52401,105.318756,2021-09-01,6838652,180781,", Russia",145934462.0,17955,772,18435,779
,Russia,61.52401,105.318756,2021-09-02,6857243,181560,", Russia",145934462.0,18591,779,18363,776
,Russia,61.52401,105.318756,2021-09-03,6875713,182341,", Russia",145934462.0,18470,781,18290,776
,Russia,61.52401,105.318756,2021-09-04,6894113,183117,", Russia",145934462.0,18400,776,18206,776
,Russia,61.52401,105.318756,2021-09-05,6912375,183896,", Russia",145934462.0,18262,779,18130,777
,Russia,61.52401,105.318756,2021-09-06,6929862,184672,", Russia",145934462.0,17487,776,18077,777
,Russia,61.52401,105.318756,2021-09-07,6946922,185447,", Russia",145934462.0,17060,775,18032,776
,Russia,61.52401,105.318756,2021-09-08,6964595,186224,", Russia",145934462.0,17673,777,17991,777
,Russia,61.52401,105.318756,2021-09-09,6982628,186999,", Russia",145934462.0,18033,775,17912,777
,Russia,61.52401,105.318756,2021-09-10,7000636,187768,", Russia",145934462.0,18008,769,17846,775
,Russia,61.52401,105.318756,2021-09-11,7019200,188546,", Russia",145934462.0,18564,778,17869,775
,Russia,61.52401,105.318756,2021-09-12,7037435,189319,", Russia",145934462.0,18235,773,17865,774
,Russia,61.52401,105.318756,2021-09-13,7055296,190031,", Russia",145934462.0,17861,712,17919,765
,Russia,61.52401,105.318756,2021-09-14,7072825,190793,", Russia",145934462.0,17529,762,17986,763
,Russia,61.52401,105.318756,2021-09-15,7091368,191566,", Russia",145934462.0,18543,773,18110,763
,Russia,61.52401,105.318756,2021-09-16,7110656,192340,", Russia",145934462.0,19288,774,18289,763
,Russia,61.52401,105.318756,2021-09-17,7130245,193111,", Russia",145934462.0,19589,771,18515,763
,Russia,61.52401,105.318756,2021-09-18,7150244,193891,", Russia",145934462.0,19999,780,18720,763
,Russia,61.52401,105.318756,2021-09-19,7170069,194671,", Russia",145934462.0,19825,780,18947,764
,Russia,61.52401,105.318756,2021-09-20,7189445,195438,", Russia",145934462.0,19376,767,19164,772
,Russia,61.52401,105.318756,2021-09-21,7208241,196235,", Russia",145934462.0,18796,797,19345,777
,Russia,61.52401,105.318756,2021-09-22,7227549,197032,", Russia",145934462.0,19308,797,19454,780
,Russia,61.52401,105.318756,2021-09-23,7248572,197834,", Russia",145934462.0,21023,802,19702,784
,Russia,61.52401,105.318756,2021-09-24,7269514,198644,", Russia",145934462.0,20942,810,19895,790
,Russia,61.52401,105.318756,2021-09-25,7291097,199450,", Russia",145934462.0,21583,806,20121,794
,Russia,61.52401,105.318756,2021-09-26,7313112,200245,", Russia",145934462.0,22015,795,20434,796
,Russia,61.52401,105.318756,2021-09-27,7334843,201015,", Russia",145934462.0,21731,770,20771,796
,Russia,61.52401,105.318756,2021-09-28,7355883,201854,", Russia",145934462.0,21040,839,21091,802
,Russia,61.52401,105.318756,2021-09-29,7377774,202700,", Russia",145934462.0,21891,846,21460,809
,Russia,61.52401,105.318756,2021-09-30,7401104,203549,", Russia",145934462.0,23330,849,21790,816
,Russia,61.52401,105.318756,2021-10-01,7425057,204424,", Russia",145934462.0,23953,875,22220,825
,Russia,61.52401,105.318756,2021-10-02,7449689,205297,", Russia",145934462.0,24632,873,22656,835
,Russia,61.52401,105.318756,2021-10-03,7474850,206179,", Russia",145934462.0,25161,882,23105,847
,Russia,61.52401,105.318756,2021-10-04,7500000,207056,", Russia",145934462.0,25150,877,23593,863
,Russia,61.52401,105.318756,2021-10-05,7524465,207932,", Russia",145934462.0,24465,876,24083,868
,Russia,61.52401,105.318756,2021-10-06,7548944,208842,", Russia",145934462.0,24479,910,24452,877
,Russia,61.52401,105.318756,2021-10-07,7575825,209752,", Russia",145934462.0,26881,910,24960,886
,Russia,61.52401,105.318756,2021-10-08,7602386,210673,", Russia",145934462.0,26561,921,25332,892
,Russia,61.52401,105.318756,2021-10-09,7631034,211627,", Russia",145934462.0,28648,954,25906,904
,Russia,61.52401,105.318756,2021-10-10,7658923,212576,", Russia",145934462.0,27889,949,26296,913
,Russia,61.52401,105.318756,2021-10-11,7687559,213522,", Russia",145934462.0,28636,946,26794,923
,Russia,61.52401,105.318756,2021-10-12,7714973,214476,", Russia",145934462.0,27414,954,27215,934
,Russia,61.52401,105.318756,2021-10-13,7742899,215438,", Russia",145934462.0,27926,962,27707,942
,Russia,61.52401,105.318756,2021-10-14,7773388,216403,", Russia",145934462.0,30489,965,28223,950
,Russia,61.52401,105.318756,2021-10-15,7804750,217382,", Russia",145934462.0,31362,979,28909,958
,Russia,61.52401,105.318756,2021-10-16,7837101,218362,", Russia",145934462.0,32351,980,29438,962
,Russia,61.52401,105.318756,2021-10-17,7870529,219342,", Russia",145934462.0,33428,980,30229,966
,Russia,61.52401,105.318756,2021-10-18,7903963,220323,", Russia",145934462.0,33434,981,30914,971
,Russia,61.52401,105.318756,2021-10-19,7936798,221314,", Russia",145934462.0,32835,991,31689,976
,Russia,61.52401,105.318756,2021-10-20,7969960,222320,", Russia",145934462.0,33162,1006,32437,983
,Russia,61.52401,105.318756,2021-10-21,8005376,223331,", Russia",145934462.0,35416,1011,33141,989
,Russia,61.52401,105.318756,2021-10-22,8041581,224369,", Russia",145934462.0,36205,1038,33833,998
,Russia,61.52401,105.318756,2021-10-23,8078309,225417,", Russia",145934462.0,36728,1048,34458,1007
,Russia,61.52401,105.318756,2021-10-24,8112999,226464,", Russia",145934462.0,34690,1047,34638,1017
,Russia,61.52401,105.318756,2021-10-25,8149946,227506,", Russia",145934462.0,36947,1042,35140,1026
,Russia,61.52401,105.318756,2021-10-26,8185400,228581,", Russia",145934462.0,35454,1075,35514,1038
,Russia,61.52401,105.318756,2021-10-27,8220975,229672,", Russia",145934462.0,35575,1091,35859,1050
,Russia,61.52401,105.318756,2021-10-28,8260045,230786,", Russia",145934462.0,39070,1114,36381,1065
,Russia,61.52401,105.318756,2021-10-29,8298850,231931,", Russia",145934462.0,38805,1145,36752,1080
,Russia,61.52401,105.318756,2021-10-30,8338053,233063,", Russia",145934462.0,39203,1132,37106,1092
,Russia,61.52401,105.318756,2021-10-31,8377984,234194,", Russia",145934462.0,39931,1131,37855,1104
,Russia,61.52401,105.318756,2021-11-01,8417305,235318,", Russia",145934462.0,39321,1124,38194,1116
,Russia,61.52401,105.318756,2021-11-02,8455232,236462,", Russia",145934462.0,37927,1144,38547,1125
,Russia,61.52401,105.318756,2021-11-03,8494589,237619,", Russia",145934462.0,39357,1157,39087,1135
,Russia,61.52401,105.318756,2021-11-04,8533706,238784,", Russia",145934462.0,39117,1165,39094,1142
,Russia,61.52401,105.318756,2021-11-05,8573323,239943,", Russia",145934462.0,39617,1159,39210,1144
,Russia,61.52401,105.318756,2021-11-06,8613533,241095,", Russia",145934462.0,40210,1152,39354,1147
,Russia,61.52401,105.318756,2021-11-07,8651561,242241,", Russia",145934462.0,38028,1146,39082,1149
,Russia,61.52401,105.318756,2021-11-08,8689818,243405,", Russia",145934462.0,38257,1164,38930,1155
,Russia,61.52401,105.318756,2021-11-09,8727817,244588,", Russia",145934462.0,37999,1183,38940,1160
,Russia,61.52401,105.318756,2021-11-10,8764713,245794,", Russia",145934462.0,36896,1206,38589,1167
,Russia,61.52401,105.318756,2021-11-11,8804297,247000,", Russia",145934462.0,39584,1206,38655,1173
,Russia,61.52401,105.318756,2021-11-12,8843238,248203,", Russia",145934462.0,38941,1203,38559,1180
,Russia,61.52401,105.318756,2021-11-13,8881306,249415,", Russia",145934462.0,38068,1212,38253,1188
,Russia,61.52401,105.318756,2021-11-14,8918926,250609,", Russia",145934462.0,37620,1194,38195,1195
,Russia,61.52401,105.318756,2021-11-15,8956136,251796,", Russia",145934462.0,37210,1187,38045,1198
,Russia,61.52401,105.318756,2021-11-16,8991748,253009,", Russia",145934462.0,35612,1213,37704,1203
,Russia,61.52401,105.318756,2021-11-17,9027163,254229,", Russia",145934462.0,35415,1220,37492,1205
,Russia,61.52401,105.318756,2021-11-18,9063318,255448,", Russia",145934462.0,36155,1219,37003,1206
,Russia,61.52401,105.318756,2021-11-19,9099253,256669,", Russia",145934462.0,35935,1221,36573,1209
,Russia,61.52401,105.318756,2021-11-20,9135149,257891,", Russia",145934462.0,35896,1222,36263,1210
,Russia,61.52401,105.318756,2021-11-21,9170898,259107,", Russia",145934462.0,35749,1216,35996,1214
,Russia,61.52401,105.318756,2021-11-22,9205431,260319,", Russia",145934462.0,34533,1212,35613,1217
,Russia,61.52401,105.318756,2021-11-23,9238330,261526,", Russia",145934462.0,32899,1207,35226,1216
,Russia,61.52401,105.318756,2021-11-24,9270885,262733,", Russia",145934462.0,32555,1207,34817,1214
,Russia,61.52401,105.318756,2021-11-25,9303751,263934,", Russia",145934462.0,32866,1201,34347,1212
,Russia,61.52401,105.318756,2021-11-26,9337575,265134,", Russia",145934462.0,33824,1200,34046,1209
,Russia,61.52401,105.318756,2021-11-27,9370694,266337,", Russia",145934462.0,33119,1203,33649,1206
,Russia,61.52401,105.318756,2021-11-28,9403480,267527,", Russia",145934462.0,32786,1190,33226,1202
,Russia,61.52401,105.318756,2021-11-29,9436650,268705,", Russia",145934462.0,33170,1178,33031,1198
,Russia,61.52401,105.318756,2021-11-30,9468640,269900,", Russia",145934462.0,31990,1195,32901,1196
,Russia,61.52401,105.318756,2021-12-01,9500836,271091,", Russia",145934462.0,32196,1191,32850,1194
,Russia,61.52401,105.318756,2021-12-02,9533593,272279,", Russia",145934462.0,32757,1188,32834,1192
,Russia,61.52401,105.318756,2021-12-03,9565909,273463,", Russia",145934462.0,32316,1184,32619,1189
,Russia,61.52401,105.318756,2021-12-04,9598283,274648,", Russia",145934462.0,32374,1185,32512,1187
,Russia,61.52401,105.318756,2021-12-05,9630296,275824,", Russia",145934462.0,32013,1176,32402,1185
,Russia,61.52401,105.318756,2021-12-06,9661865,276979,", Russia",145934462.0,31569,1155,32173,1182
,Russia,61.52401,105.318756,2021-12-07,9692411,278131,", Russia",145934462.0,30546,1152,31967,1175
,Russia,61.52401,105.318756,2021-12-08,9722639,279280,", Russia",145934462.0,30228,1149,31686,1169
,Russia,61.52401,105.318756,2021-12-09,9752340,280427,", Russia",145934462.0,29701,1147,31249,1164
,Russia,61.52401,105.318756,2021-12-10,9782723,281571,", Russia",145934462.0,30383,1144,30973,1158
,Russia,61.52401,105.318756,2021-12-11,9812538,282713,", Russia",145934462.0,29815,1142,30607,1152
,Russia,61.52401,105.318756,2021-12-12,9842021,283815,", Russia",145934462.0,29483,1102,30246,1141
,Russia,61.52401,105.318756,2021-12-13,9871229,284909,", Russia",145934462.0,29208,1094,29909,1132
,Russia,61.52401,105.318756,2021-12-14,9899139,286023,", Russia",145934462.0,27910,1114,29532,1127
,Russia,61.52401,105.318756,2021-12-15,9927150,287135,", Russia",145934462.0,28011,1112,29215,1122
,Russia,61.52401,105.318756,2021-12-16,9955308,288240,", Russia",145934462.0,28158,1105,28995,1116
,Russia,61.52401,105.318756,2021-12-17,9982735,289292,", Russia",145934462.0,27427,1052,28573,1103
,Russia,61.52401,105.318756,2021-12-18,10009866,290340,", Russia",145934462.0,27131,1048,28189,1089
,Russia,61.52401,105.318756,2021-12-19,10037546,291336,", Russia",145934462.0,27680,996,27932,1074
,Russia,61.52401,105.318756,2021-12-20,10064290,292331,", Russia",145934462.0,26744,995,27580,1060
,Russia,61.52401,105.318756,2021-12-21,10089945,293329,", Russia",145934462.0,25655,998,27258,1043
,Russia,61.52401,105.318756,2021-12-22,10114983,294322,", Russia",145934462.0,25038,993,26833,1026
,Russia,61.52401,105.318756,2021-12-23,10140429,295296,", Russia",145934462.0,25446,974,26445,1008
,Russia,61.52401,105.318756,2021-12-24,10164951,296268,", Russia",145934462.0,24522,972,26030,996
,Russia,61.52401,105.318756,2021-12-25,10189722,297223,", Russia",145934462.0,24771,955,25693,983
,Russia,61.52401,105.318756,2021-12-26,10213265,298165,", Russia",145934462.0,23543,942,25102,975
,Russia,61.52401,105.318756,2021-12-27,10236301,299077,", Russia",145934462.0,23036,912,24573,963
,Russia,61.52401,105.318756,2021-12-28,10258052,299983,", Russia",145934462.0,21751,906,24015,950
,Russia,61.52401,105.318756,2021-12-29,10279009,300886,", Russia",145934462.0,20957,903,23432,937
,Russia,61.52401,105.318756,2021-12-30,10299923,301791,", Russia",145934462.0,20914,905,22784,927
,Russia,61.52401,105.318756,2021-12-31,10320405,302671,", Russia",145934462.0,20482,880,22207,914
,Russia,61.52401,105.318756,2022-01-01,10340011,303496,", Russia",145934462.0,19606,825,21469,896
,Russia,61.52401,105.318756,2022-01-02,10358099,304284,", Russia",145934462.0,18088,788,20690,874
,Russia,61.52401,105.318756,2022-01-03,10374292,305096,", Russia",145934462.0,16193,812,19713,859
,Russia,61.52401,105.318756,2022-01-04,10390052,305906,", Russia",145934462.0,15760,810,18857,846
,Russia,61.52401,105.318756,2022-01-05,10405684,306710,", Russia",145934462.0,15632,804,18096,832
,Russia,61.52401,105.318756,2022-01-06,10420863,307488,", Russia",145934462.0,15179,778,17277,813
,Russia,61.52401,105.318756,2022-01-07,10437471,308258,", Russia",145934462.0,16608,770,16723,798
,Russia,61.52401,105.318756,2022-01-08,10453895,309041,", Russia",145934462.0,16424,783,16269,792
,Russia,61.52401,105.318756,2022-01-09,10470006,309787,", Russia",145934462.0,16111,746,15986,786
,Russia,61.52401,105.318756,2022-01-10,10485705,310513,", Russia",145934462.0,15699,726,15916,773
,Russia,61.52401,105.318756,2022-01-11,10503101,311281,", Russia",145934462.0,17396,768,16149,767
,Russia,61.52401,105.318756,2022-01-12,10520898,312010,", Russia",145934462.0,17797,729,16459,757
,Russia,61.52401,105.318756,2022-01-13,10541870,312733,", Russia",145934462.0,20972,723,17286,749
,Russia,61.52401,105.318756,2022-01-14,10565484,313458,", Russia",145934462.0,23614,725,18287,742
,Russia,61.52401,105.318756,2022-01-15,10592433,314166,", Russia",145934462.0,26949,708,19791,732
,Russia,61.52401,105.318756,2022-01-16,10621410,314838,", Russia",145934462.0,28977,672,21629,721
,Russia,61.52401,105.318756,2022-01-17,10651867,315495,", Russia",145934462.0,30457,657,23737,711
,Russia,61.52401,105.318756,2022-01-18,10682826,316168,", Russia",145934462.0,30959,673,25675,698
,Russia,61.52401,105.318756,2022-01-19,10716397,316852,", Russia",145934462.0,33571,684,27928,691
,Russia,61.52401,105.318756,2022-01-20,10754905,317523,", Russia",145934462.0,38508,671,30433,684
,Russia,61.52401,105.318756,2022-01-21,10804032,318200,", Russia",145934462.0,49127,677,34078,677
,Russia,61.52401,105.318756,2022-01-22,10860799,318869,", Russia",145934462.0,56767,669,38338,671
,Russia,61.52401,105.318756,2022-01-23,10923494,319536,", Russia",145934462.0,62695,667,43154,671
,Russia,61.52401,105.318756,2022-01-24,10988027,320178,", Russia",145934462.0,64533,642,48022,669
,Russia,61.52401,105.318756,2022-01-25,11055246,320844,", Russia",145934462.0,67219,666,53202,668
,Russia,61.52401,105.318756,2022-01-26,11129318,321484,", Russia",145934462.0,74072,640,58988,661
,Russia,61.52401,105.318756,2022-01-27,11217423,322135,", Russia",145934462.0,88105,651,66074,658
,Russia,61.52401,105.318756,2022-01-28,11314707,322796,", Russia",145934462.0,97284,661,72953,656
,Russia,61.52401,105.318756,2022-01-29,11427009,323452,", Russia",145934462.0,112302,656,80887,654
,Russia,61.52401,105.318756,2022-01-30,11547333,324060,", Russia",145934462.0,120324,608,89119,646
,Russia,61.52401,105.318756,2022-01-31,11670366,324672,", Russia",145934462.0,123033,612,97477,642
,Russia,61.52401,105.318756,2022-02-01,11795059,325321,", Russia",145934462.0,124693,649,105687,639
,Russia,61.52401,105.318756,2022-02-02,11936064,325986,", Russia",145934462.0,141005,665,115249,643
,Russia,61.52401,105.318756,2022-02-03,12090707,326642,", Russia",145934462.0,154643,656,124754,643
,Russia,61.52401,105.318756,2022-02-04,12257664,327310,", Russia",145934462.0,166957,668,134708,644
,Russia,61.52401,105.318756,2022-02-05,12433643,328014,", Russia",145934462.0,175979,704,143804,651
,Russia,61.52401,105.318756,2022-02-06,12612259,328664,", Russia",145934462.0,178616,650,152132,657
,Russia,61.52401,105.318756,2022-02-07,12782791,329264,", Russia",145934462.0,170532,600,158917,656
,Russia,61.52401,105.318756,2022-02-08,12946888,329951,", Russia",145934462.0,164097,687,164547,661
,Russia,61.52401,105.318756,2022-02-09,13128679,330609,", Russia",145934462.0,181791,658,170373,660
,Russia,61.52401,105.318756,2022-02-10,13323972,331300,", Russia",145934462.0,195293,691,176180,665
,Russia,61.52401,105.318756,2022-02-11,13526183,332010,", Russia",145934462.0,202211,710,181217,671
,Russia,61.52401,105.318756,2022-02-12,13728138,332727,", Russia",145934462.0,201955,717,184927,673
,Russia,61.52401,105.318756,2022-02-13,13923951,333421,", Russia",145934462.0,195813,694,187384,679
,Russia,61.52401,105.318756,2022-02-14,14102736,334093,", Russia",145934462.0,178785,672,188563,689
,Russia,61.52401,105.318756,2022-02-15,14267875,334785,", Russia",145934462.0,165139,692,188712,690
,Russia,61.52401,105.318756,2022-02-16,14445698,335521,", Russia",145934462.0,177823,736,188145,701
,Russia,61.52401,105.318756,2022-02-17,14624423,336299,", Russia",145934462.0,178725,778,185778,714
,Russia,61.52401,105.318756,2022-02-18,14802439,337074,", Russia",145934462.0,178016,775,182322,723
,Russia,61.52401,105.318756,2022-02-19,14979363,337860,", Russia",145934462.0,176924,786,178746,733
,Russia,61.52401,105.318756,2022-02-20,15147762,338595,", Russia",145934462.0,168399,735,174830,739
,Russia,61.52401,105.318756,2022-02-21,15297628,339319,", Russia",145934462.0,149866,724,170698,746
,Russia,61.52401,105.318756,2022-02-22,15430540,340101,", Russia",145934462.0,132912,782,166095,759
,Russia,61.52401,105.318756,2022-02-23,15566425,340872,", Russia",145934462.0,135885,771,160103,764
,Russia,61.52401,105.318756,2022-02-24,15697674,341624,", Russia",145934462.0,131249,752,153321,760
,Russia,61.52401,105.318756,2022-02-25,15819594,342397,", Russia",145934462.0,121920,773,145307,760
,Russia,61.52401,105.318756,2022-02-26,15941241,343178,", Russia",145934462.0,121647,781,137411,759
,Russia,61.52401,105.318756,2022-02-27,16055851,343934,", Russia",145934462.0,114610,756,129727,762
,Russia,61.52401,105.318756,2022-02-28,16161596,344655,", Russia",145934462.0,105745,721,123424,762
,Russia,61.52401,105.318756,2022-03-01,16257688,345427,", Russia",145934462.0,96092,772,118164,760
,Russia,61.52401,105.318756,2022-03-02,16353868,346197,", Russia",145934462.0,96180,770,112491,760
,Russia,61.52401,105.318756,2022-03-03,16445802,346967,", Russia",145934462.0,91934,770,106875,763
,Russia,61.52401,105.318756,2022-03-04,16533932,347730,", Russia",145934462.0,88130,763,102048,761
,Russia,61.52401,105.318756,2022-03-05,16619507,348467,", Russia",145934462.0,85575,737,96895,755
,Russia,61.52401,105.318756,2022-03-06,16698139,349196,", Russia",145934462.0,78632,729,91755,751
,Russia,61.52401,105.318756,2022-03-07,16770275,349853,", Russia",145934462.0,72136,657,86954,742
,Russia,61.52401,105.318756,2022-03-08,16835844,350490,", Russia",145934462.0,65569,637,82593,723
,Russia,61.52401,105.318756,2022-03-09,16893631,351124,", Russia",145934462.0,57787,634,77109,703
,Russia,61.52401,105.318756,2022-03-10,16943915,351776,", Russia",145934462.0,50284,652,71159,687
,Russia,61.52401,105.318756,2022-03-11,16993625,352437,", Russia",145934462.0,49710,661,65670,672
,Russia,61.52401,105.318756,2022-03-12,17040721,353054,", Russia",145934462.0,47096,617,60173,655
,Russia,61.52401,105.318756,2022-03-13,17084672,353635,", Russia",145934462.0,43951,581,55219,634
,Russia,61.52401,105.318756,2022-03-14,17124792,354157,", Russia",145934462.0,40120,522,50645,614
,Russia,61.52401,105.318756,2022-03-15,17160872,354702,", Russia",145934462.0,36080,545,46432,601
,Russia,61.52401,105.318756,2022-03-16,17196841,355267,", Russia",145934462.0,35969,565,43315,591
,Russia,61.52401,105.318756,2022-03-17,17231013,355816,", Russia",145934462.0,34172,549,41014,577
,Russia,61.52401,105.318756,2022-03-18,17264828,356327,", Russia",145934462.0,33815,511,38743,555
,Russia,61.52401,105.318756,2022-03-19,17297181,356812,", Russia",145934462.0,32353,485,36637,536
,Russia,61.52401,105.318756,2022-03-20,17327694,357234,", Russia",145934462.0,30513,422,34717,514
,Russia,61.52401,105.318756,2022-03-21,17356036,357634,", Russia",145934462.0,28342,400,33034,496
,Russia,61.52401,105.318756,2022-03-22,17382051,358093,", Russia",145934462.0,26015,459,31597,484
,Russia,61.52401,105.318756,2022-03-23,17408475,358510,", Russia",145934462.0,26424,417,30233,463
,Russia,61.52401,105.318756,2022-03-24,17433393,358919,", Russia",145934462.0,24918,409,28911,443
,Russia,61.52401,105.318756,2022-03-25,17458275,359307,", Russia",145934462.0,24882,388,27635,425
,Russia,61.52401,105.318756,2022-03-26,17481799,359693,", Russia",145934462.0,23524,386,26374,411
,Russia,61.52401,105.318756,2022-03-27,17504537,360021,", Russia",145934462.0,22738,328,25263,398
,Russia,61.52401,105.318756,2022-03-28,17525184,360347,", Russia",145934462.0,20647,326,24164,387
,Russia,61.52401,105.318756,2022-03-29,17544419,360674,", Russia",145934462.0,19235,327,23195,368
,Russia,61.52401,105.318756,2022-03-30,17564186,361014,", Russia",145934462.0,19767,340,22244,357
,Russia,61.52401,105.318756,2022-03-31,17583111,361348,", Russia",145934462.0,18925,334,21388,347
,Russia,61.52401,105.318756,2022-04-01,17601907,361679,", Russia",145934462.0,18796,331,20518,338
,Russia,61.52401,105.318756,2022-04-02,17619521,362008,", Russia",145934462.0,17614,329,19674,330
,Russia,61.52401,105.318756,2022-04-03,17636019,362304,", Russia",145934462.0,16498,296,18783,326
,Russia,61.52401,105.318756,2022-04-04,17651048,362581,", Russia",145934462.0,15029,277,17980,319
,Russia,61.52401,105.318756,2022-04-05,17664790,362890,", Russia",145934462.0,13742,309,17195,316
,Russia,61.52401,105.318756,2022-04-06,17679300,363175,", Russia",145934462.0,14510,285,16444,308
,Russia,61.52401,105.318756,2022-04-07,17693468,363455,", Russia",145934462.0,14168,280,15765,301
,Russia,61.52401,105.318756,2022-04-08,17707591,363731,", Russia",145934462.0,14123,276,15097,293
,Russia,61.52401,105.318756,2022-04-09,17720977,364011,", Russia",145934462.0,13386,280,14493,286
,Russia,61.52401,105.318756,2022-04-10,17733809,364265,", Russia",145934462.0,12832,254,13970,280
,Russia,61.52401,105.318756,2022-04-11,17745453,364506,", Russia",145934462.0,11644,241,13486,275
,Russia,61.52401,105.318756,2022-04-12,17756183,364779,", Russia",145934462.0,10730,273,13056,269
,Russia,61.52401,105.318756,2022-04-13,17767760,365038,", Russia",145934462.0,11577,259,12637,266
,Russia,61.52401,105.318756,2022-04-14,17778928,365285,", Russia",145934462.0,11168,247,12208,261
,Russia,61.52401,105.318756,2022-04-15,17790211,365540,", Russia",145934462.0,11283,255,11802,258
,Russia,61.52401,105.318756,2022-04-16,17801103,365774,", Russia",145934462.0,10892,234,11446,251
,Russia,61.52401,105.318756,2022-04-17,17811199,366001,", Russia",145934462.0,10096,227,11055,248
,Russia,61.52401,105.318756,2022-04-18,17820486,366209,", Russia",145934462.0,9287,208,10719,243
,Russia,61.52401,105.318756,2022-04-19,17829009,366436,", Russia",145934462.0,8523,227,10403,236
,Russia,61.52401,105.318756,2022-04-20,17838087,366654,", Russia",145934462.0,9078,218,10046,230
,Russia,61.52401,105.318756,2022-04-21,17846818,366845,", Russia",145934462.0,8731,191,9698,222
,Russia,61.52401,105.318756,2022-04-22,17855661,367036,", Russia",145934462.0,8843,191,9350,213
,Russia,61.52401,105.318756,2022-04-23,17864332,367203,", Russia",145934462.0,8671,167,9032,204
,Russia,61.52401,105.318756,2022-04-24,17872625,367366,", Russia",145934462.0,8293,163,8775,195
,Russia,61.52401,105.318756,2022-04-25,17880154,367521,", Russia",145934462.0,7529,155,8524,187
,Russia,61.52401,105.318756,2022-04-26,17887152,367692,", Russia",145934462.0,6998,171,8306,179
,Russia,61.52401,105.318756,2022-04-27,17894787,367850,", Russia",145934462.0,7635,158,8100,170
,Russia,61.52401,105.318756,2022-04-28,17902334,368011,", Russia",145934462.0,7547,161,7930,166
,Russia,61.52401,105.318756,2022-04-29,17909924,368166,", Russia",145934462.0,7590,155,7751,161
,Russia,61.52401,105.318756,2022-04-30,17917191,368319,", Russia",145934462.0,7267,153,7551,159
,Russia,61.52401,105.318756,2022-05-01,17924145,368463,", Russia",145934462.0,6954,144,7360,156
,Russia,61.52401,105.318756,2022-05-02,17930267,368595,", Russia",145934462.0,6122,132,7159,153
,Russia,61.52401,105.318756,2022-05-03,17935641,368716,", Russia",145934462.0,5374,121,6927,146
,Russia,61.52401,105.318756,2022-05-04,17940665,368840,", Russia",145934462.0,5024,124,6554,141
,Russia,61.52401,105.318756,2022-05-05,17945617,368974,", Russia",145934462.0,4952,134,6183,137
,Russia,61.52401,105.318756,2022-05-06,17951065,369106,", Russia",145934462.0,5448,132,5877,134
,Russia,61.52401,105.318756,2022-05-07,17956472,369236,", Russia",145934462.0,5407,130,5611,131
,Russia,61.52401,105.318756,2022-05-08,17961837,369350,", Russia",145934462.0,5365,114,5384,126
,Russia,61.52401,105.318756,2022-05-09,17966773,369451,", Russia",145934462.0,4936,101,5215,122
,Russia,61.52401,105.318756,2022-05-10,17971207,369548,", Russia",145934462.0,4434,97,5080,118
,Russia,61.52401,105.318756,2022-05-11,17975243,369644,", Russia",145934462.0,4036,96,4939,114
,Russia,61.52401,105.318756,2022-05-12,17979272,369752,", Russia",145934462.0,4029,108,4807,111
,Russia,61.52401,105.318756,2022-05-13,17984104,369855,", Russia",145934462.0,4832,103,4719,107
,Russia,61.52401,105.318756,2022-05-14,17989065,369961,", Russia",145934462.0,4961,106,4656,103
,Russia,61.52401,105.318756,2022-05-15,17993952,370057,", Russia",145934462.0,4887,96,4587,101
,Russia,61.52401,105.318756,2022-05-16,17998438,370145,", Russia",145934462.0,4486,88,4523,99
,Russia,61.52401,105.318756,2022-05-17,18002493,370252,", Russia",145934462.0,4055,107,4469,100
,Russia,61.52401,105.318756,2022-05-18,18007169,370354,", Russia",145934462.0,4676,102,4560,101
,Russia,61.52401,105.318756,2022-05-19,18012019,370449,", Russia",145934462.0,4850,95,4678,99
,Russia,61.52401,105.318756,2022-05-20,18017039,370542,", Russia",145934462.0,5020,93,4705,98
,Russia,61.52401,105.318756,2022-05-21,18022001,370642,", Russia",145934462.0,4962,100,4705,97
,Russia,61.52401,105.318756,2022-05-22,18026628,370721,", Russia",145934462.0,4627,79,4668,94
,Russia,61.52401,105.318756,2022-05-23,18030719,370795,", Russia",145934462.0,4091,74,4611,92
,Russia,61.52401,105.318756,2022-05-24,18034423,370882,", Russia",145934462.0,3704,87,4561,90
,Russia,61.52401,105.318756,2022-05-25,18038920,370972,", Russia",145934462.0,4497,90,4535,88
,Russia,61.52401,105.318756,2022-05-26,18043539,371061,", Russia",145934462.0,4619,89,4502,87
,Russia,61.52401,105.318756,2022-05-27,18048085,371141,", Russia",145934462.0,4546,80,4435,85
,Russia,61.52401,105.318756,2022-05-28,18052544,371223,", Russia",145934462.0,4459,82,4363,83
,Russia,61.52401,105.318756,2022-05-29,18056662,371306,", Russia",145934462.0,4118,83,4290,83
,Russia,61.52401,105.318756,2022-05-30,18060405,371378,", Russia",145934462.0,3743,72,4240,83
,Russia,61.52401,105.318756,2022-05-31,18063880,371464,", Russia",145934462.0,3475,86,4208,83
,Russia,61.52401,105.318756,2022-06-01,18067977,371546,", Russia",145934462.0,4097,82,4151,82
,Russia,61.52401,105.318756,2022-06-02,18072173,371628,", Russia",145934462.0,4196,82,4090,81
,Russia,61.52401,105.318756,2022-06-03,18076286,371703,", Russia",145934462.0,4113,75,4028,80
,Russia,61.52401,105.318756,2022-06-04,18080277,371781,", Russia",145934462.0,3991,78,3961,79
,Russia,61.52401,105.318756,2022-06-05,18083984,371854,", Russia",145934462.0,3707,73,3903,78
,Russia,61.52401,105.318756,2022-06-06,18087265,371915,", Russia",145934462.0,3281,61,3837,76
,Russia,61.52401,105.318756,2022-06-07,18090459,371986,", Russia",145934462.0,3194,71,3797,74
,Russia,61.52401,105.318756,2022-06-08,18094054,372062,", Russia",145934462.0,3595,76,3725,73
,Russia,61.52401,105.318756,2022-06-09,18097767,372136,", Russia",145934462.0,3713,74,3656,72
,Russia,61.52401,105.318756,2022-06-10,18101372,372205,", Russia",145934462.0,3605,69,3583,71
,Russia,61.52401,105.318756,2022-06-11,18104944,372276,", Russia",145934462.0,3572,71,3523,70
,Russia,61.52401,105.318756,2022-06-12,18108285,372338,", Russia",145934462.0,3341,62,3471,69
,Russia,61.52401,105.318756,2022-06-13,18111240,372392,", Russia",145934462.0,2955,54,3425,68
,Russia,61.52401,105.318756,2022-06-14,18113989,372452,", Russia",145934462.0,2749,60,3361,66
,Russia,61.52401,105.318756,2022-06-15,18116672,372515,", Russia",145934462.0,2683,63,3231,64
,Russia,61.52401,105.318756,2022-06-16,18119934,372579,", Russia",145934462.0,3262,64,3166,63
,Russia,61.52401,105.318756,2022-06-17,18123257,372642,", Russia",145934462.0,3323,63,3126,62
,Russia,61.52401,105.318756,2022-06-18,18126576,372707,", Russia",145934462.0,3319,65,3090,61
,Russia,61.52401,105.318756,2022-06-19,18129625,372769,", Russia",145934462.0,3049,62,3048,61
,Russia,61.52401,105.318756,2022-06-20,18132261,372821,", Russia",145934462.0,2636,52,3003,61
,Russia,61.52401,105.318756,2022-06-21,18134735,372880,", Russia",145934462.0,2474,59,2963,61
,Russia,61.52401,105.318756,2022-06-22,18137759,372943,", Russia",145934462.0,3024,63,3012,61
,Russia,61.52401,105.318756,2022-06-23,18140893,373010,", Russia",145934462.0,3134,67,2994,61
,Russia,61.52401,105.318756,2022-06-24,18144007,373075,", Russia",145934462.0,3114,65,2964,61
,Russia,61.52401,105.318756,2022-06-25,18147044,373134,", Russia",145934462.0,3037,59,2924,61
,Russia,61.52401,105.318756,2022-06-26,18150010,373189,", Russia",145934462.0,2966,55,2912,60
,Russia,61.52401,105.318756,2022-06-27,18152652,373240,", Russia",145934462.0,2642,51,2913,59
,Russia,61.52401,105.318756,2022-06-28,18155165,373297,", Russia",145934462.0,2513,57,2918,59
,Russia,61.52401,105.318756,2022-06-29,18158163,373349,", Russia",145934462.0,2998,52,2914,58
